CID,FullName,Email,Age,StreetAddress,State
0,Jill White,thompsonmelissa@example.net,38,42329 Brittney Skyway Apt. 158,Minnesota
1,Pamela Sweeney,kayla25@example.org,26,89518 Nash Plains,Maine
2,Jenna Simmons,vwilliams@example.net,31,75075 Dale Ranch Suite 039,Arizona
3,Andrew Garner,rjones@example.com,38,6641 Lauren Trace Suite 939,Iowa
4,Megan Obrien,patrick32@example.org,28,587 Johnson Views,Louisiana
5,Patricia Grimes,davidnewton@example.org,45,750 Aguilar Lock,Kansas
6,Taylor Johnston,jason43@example.org,38,37312 Sarah Flat Apt. 344,Maryland
7,Richard Riley,cookmark@example.org,42,77032 Haynes Cliffs,Maine
8,Kimberly Evans,qsmith@example.net,45,6598 Jessica Courts,Michigan
9,Dennis James,jeffrey70@example.com,42,711 Robert Mountain Suite 195,Kansas
10,Ethan Patterson,brittany32@example.net,28,2582 Amy Highway Apt. 558,Michigan
11,Robert Smith,uzavala@example.com,41,1455 Rose Place Suite 163,Illinois
12,Paul Cervantes,bowmanpeter@example.com,28,18437 Smith Stream Suite 477,Kentucky
13,Donna White,jason29@example.org,40,809 John Plains,Missouri
14,Jennifer Walton,bbaker@example.com,30,17500 Rice Street,Kansas
15,Stephanie Moore,mwarner@example.net,42,33649 Johnson Mountain Apt. 761,Arizona
16,Carly Brown,katiebates@example.org,42,298 Melanie Pass Suite 713,Massachusetts
17,Victoria Richard,wanda13@example.org,27,5880 Kristin Crossroad,Massachusetts
18,Linda Lawrence,angelafrank@example.net,29,9946 Moore Lakes,Minnesota
19,Amy Neal,rgarcia@example.org,43,967 Taylor Station Suite 330,Illinois
20,Samantha Rice,millernina@example.com,37,93521 Kelley Course,Michigan
21,Jonathan Mayer,smithcolleen@example.net,33,678 Schneider Manor,Iowa
22,Alicia Brown,edoyle@example.net,39,69386 Brown Union Suite 410,Arizona
23,Tracy Myers,hsimmons@example.net,31,12680 Alexis Pike Suite 884,Iowa
24,Kimberly Villarreal,fbeck@example.net,26,7650 Rubio Crest,Illinois
25,Nancy Rivas,scottcastro@example.org,45,6890 Arias Road,Iowa
26,Misty Decker,charles13@example.net,27,98015 Lewis Motorway Apt. 008,Kansas
27,Robert Meyer,andersonanita@example.net,30,84480 Sandra Trail,Maryland
28,Suzanne Hoffman,nrodriguez@example.org,41,83284 Soto Harbor Apt. 241,Arizona
29,Bethany Salazar,kyle93@example.net,25,7231 Jose Mews Suite 061,Arizona
30,Shawn Thomas,fbrooks@example.org,42,96550 White Views Apt. 038,Minnesota
31,Hannah Burns,fbailey@example.com,26,323 Harris Green,Kentucky
32,Sarah Matthews,edwardsavage@example.com,42,72328 Lisa Gardens Suite 186,Iowa
33,Misty Cox,qjackson@example.net,42,776 Fernandez Glen Suite 955,Louisiana
34,Crystal Ramirez,nicholslauren@example.org,32,814 Nathan River,Michigan
35,Crystal Ramirez,brooksangela@example.com,38,16134 Anna Ports,Illinois
36,Brandon Williams,rodriguezdevon@example.org,25,9922 Lewis Courts,Michigan
37,Jonathan Miller,vincentbean@example.com,30,175 Sarah Fall Apt. 841,Maryland
38,Rebecca Mcbride,wrightgabriel@example.net,39,2798 Mark Mill Suite 103,Louisiana
39,Elizabeth Nguyen DVM,yfields@example.org,25,41415 Rickey Stream,Louisiana
40,Kara Wilson,gregory38@example.net,31,3835 Hale Trail,Indiana
41,Belinda Jackson MD,rayconnor@example.net,34,309 Sydney Island Suite 837,Mississippi
42,Andrea Davis,brownjacqueline@example.com,37,849 Jason Squares,Arizona
43,Melvin Reynolds,maryroberts@example.com,31,0508 Tyler Place,Louisiana
44,Susan Williams,ununez@example.org,31,09713 Patrick Mall,Louisiana
45,Ryan Wilson,mcgrathjennifer@example.com,41,0070 Williamson Oval Apt. 069,Minnesota
46,Samuel Daniels,robert06@example.com,33,077 Andrew Neck,Iowa
47,Michelle Johnston,jason06@example.com,25,944 Sabrina Passage Suite 637,Arizona
48,Betty Scott,davidevans@example.net,45,38113 Gray Spur Suite 595,Maine
49,Cathy Murphy,mmorales@example.net,29,684 Dana Track Suite 749,Mississippi
50,Travis Craig,millertony@example.com,30,457 Weiss Lock,Louisiana
51,Michelle Kim,warerichard@example.com,40,71870 Angela Shore,Illinois
52,Hector Parker,cody97@example.org,35,86693 Michael Cove,Kansas
53,Anthony Hernandez,fergusonandrew@example.net,40,80841 Michael Valley Apt. 250,Minnesota
54,Travis Campbell,evanwallace@example.org,37,8393 Brianna Stream,Kentucky
55,Suzanne Miles,howardbishop@example.org,45,812 Christopher Way,Kentucky
56,Darren Flynn,bobbysanders@example.net,45,73496 Bernard Club,Iowa
57,Shawn Mcdonald,cindy74@example.com,43,03332 Miller Hollow,Missouri
58,John Saunders,mirandaquinn@example.com,43,78323 Johnny Shoal Apt. 312,Minnesota
59,Stephanie Salazar,danielle93@example.com,27,57477 Wood Light,Massachusetts
60,Rachael Morton,carolyn65@example.org,37,70145 Valerie Ford Suite 467,Missouri
61,Rebecca Larsen DDS,matthewhernandez@example.com,41,467 Victor Well Suite 574,Minnesota
62,Heather Moss,stephaniewhitehead@example.com,30,8932 Moyer Mountain Suite 988,Indiana
63,Joel Green,baileyaaron@example.org,42,28732 Curtis Creek,Iowa
64,Michael Lopez,fcannon@example.com,44,730 Harris Turnpike,Kansas
65,Lisa Decker,ykelley@example.net,33,0330 Simpson Hollow,Arizona
66,Jared Wagner,brookskayla@example.org,40,224 Morales Shore Apt. 657,Mississippi
67,Jessica Moody,anneparker@example.com,40,784 Dunn Forest,Kentucky
68,Kristin Jimenez,zsanders@example.org,31,4526 Cortez Points,Louisiana
69,Hannah Henderson,robert64@example.com,33,1228 Erica Turnpike,Missouri
70,Justin Sheppard,greenerin@example.org,41,6644 Amanda Squares,Minnesota
71,Vicki Johnson,murraysarah@example.com,32,3373 Amanda Meadow Apt. 940,Michigan
72,Stephanie Page,rivasdustin@example.com,38,706 Jasmine Squares Suite 558,Arizona
73,Lori Moreno,omoody@example.org,45,01857 Carroll Plaza Apt. 386,Michigan
74,Cheryl Ward,tamarastephens@example.org,29,81427 Sharon Prairie,Indiana
75,Nicole Brewer,abrown@example.org,34,341 Tyler Junctions,Missouri
76,Lindsay Rios,scott35@example.net,30,3144 Hawkins Tunnel Suite 735,Minnesota
77,Dawn Chambers,wwest@example.com,28,2837 William Prairie Suite 962,Massachusetts
78,Matthew Williams,justinsantiago@example.org,25,8551 Weaver Junctions Suite 947,Illinois
79,Carlos Herrera,meyerjordan@example.net,30,847 Sydney Canyon Suite 713,Louisiana
80,Calvin Barber,pshort@example.org,27,17294 Perez Keys Suite 637,Indiana
81,Andrew Mercado,dnichols@example.org,34,7404 Morris Lights Apt. 588,Maine
82,Alec Hutchinson DDS,joshua35@example.com,39,43078 White Lights,Iowa
83,Heather White,robert34@example.com,33,8992 Amy Groves Apt. 290,Massachusetts
84,Brian Lynch,danielpowell@example.net,32,2046 Ryan Trail Apt. 692,Maine
85,James Harris,staceybell@example.org,37,88747 Poole Loaf,Massachusetts
86,Patricia Morales,hilljennifer@example.com,38,40672 Mason Row,Maine
87,Matthew Price,evancole@example.net,39,091 Johnson Mount,Kansas
88,Kristina King,joshuahinton@example.org,32,013 Cynthia Creek,Arizona
89,Eric Gonzalez,emilydickerson@example.com,45,38991 Frank Row Suite 523,Arizona
90,Victoria Benjamin,wfox@example.com,37,0806 Chan Lodge Suite 611,Iowa
91,Carol Jones,marywarren@example.com,40,331 Bernard Pines,Missouri
92,Sharon Lin,jesusrogers@example.net,28,474 Dunn Roads,Indiana
93,Michael Alvarez,akelly@example.com,34,461 Holly Stream,Illinois
94,Sherri Morrison,charlessanchez@example.net,35,17101 Michael Falls,Illinois
95,Madeline Jones,wolfseth@example.org,37,7276 Miller Plaza Apt. 534,Missouri
96,Bradley Johnson,brianwells@example.org,26,6157 Regina Road Suite 267,Arizona
97,Christopher Sanchez,willie10@example.com,39,2034 Anderson Trail,Kentucky
98,Kelsey Flowers,campbellmichael@example.com,28,37544 Miller Points,Maryland
99,Daniel Tyler,alejandro43@example.com,45,90469 Michael Ranch,Indiana
100,Paul Lee PhD,annaaustin@example.net,31,833 Clark Port Suite 715,Michigan
101,Robert Rose,matthewross@example.org,34,2792 Davis Road Suite 214,Minnesota
102,Luis May,ythompson@example.net,43,08155 Michelle Dale Suite 355,Massachusetts
103,Kim Liu,prattkaren@example.org,29,693 Phillips Cliff Suite 599,Missouri
104,Christopher Lewis,mdaniel@example.org,30,538 Ward Estates,Minnesota
105,Mark Matthews,rossbrandon@example.com,42,6041 Garza Parkway Apt. 667,Illinois
106,Walter Bates,jason14@example.net,25,028 Gary Parkways,Indiana
107,Michele Fowler,qsmith@example.net,36,3707 Robert Creek,Minnesota
108,James Perez,orrsteven@example.com,40,28025 Smith Ville,Minnesota
109,Walter Ramos,golson@example.com,40,10853 Dominguez Islands Apt. 920,Louisiana
110,Dennis Flores,andrea83@example.org,28,89269 Gallagher Pine,Kansas
111,Melissa Crosby,aaronparker@example.net,29,838 Marcus Track,Indiana
112,Jonathan Cooley,cody03@example.org,37,4279 Timothy Manor Apt. 808,Minnesota
113,Brian Norton,dstephens@example.org,39,7333 John Circle Suite 186,Massachusetts
114,David Lozano,mcdonaldnicole@example.org,27,80261 Kelli Rapid Apt. 924,Mississippi
115,Cassandra Acevedo,washingtonmichael@example.com,45,5846 Jerry Oval Apt. 447,Minnesota
116,Patricia Palmer,tiffanycollins@example.net,25,6723 Dean Mill Apt. 995,Maine
117,Linda Conley,chelsea05@example.com,42,74982 Jeffery Villages Apt. 982,Kentucky
118,Robert Bright,jesuswatkins@example.net,29,778 Debra Union Suite 280,Maine
119,Kevin Brooks DDS,reginashelton@example.net,36,544 Daniel Glen Suite 302,Mississippi
120,Michael Johnson,laurencarter@example.net,30,3717 Patrick Mount,Minnesota
121,Michael Fitzpatrick,milleralbert@example.org,27,58531 Kristin Bridge Apt. 063,Louisiana
122,Margaret White,adam19@example.com,28,312 Henry Causeway Suite 731,Maine
123,Michael Sawyer,brandonkaufman@example.com,40,1381 Brown Courts Suite 345,Massachusetts
124,Rebekah Mayer,ybradford@example.com,44,42661 Drake Tunnel Suite 859,Minnesota
125,William Schmidt,aprilgood@example.com,41,84796 Timothy Streets Suite 064,Maryland
126,Edward Valdez,griffithwilliam@example.net,26,76844 Richard Cliffs Suite 424,Illinois
127,Marissa Robbins,bruce43@example.net,40,46985 Rebecca Bypass,Kentucky
128,James Fischer,casey43@example.net,43,58404 Johnson Brook Suite 890,Louisiana
129,Shelly Harrison,kortiz@example.net,30,187 John Via Apt. 660,Kansas
130,Amy Ashley,wendyhouston@example.org,25,2992 Edwards Well,Michigan
131,Mark Friedman,danielrobert@example.net,34,740 David Mews Suite 683,Maine
132,Tina Williams,wfitzgerald@example.net,37,94813 Watson Forks,Minnesota
133,Jeremy Hoover,angela68@example.com,31,6142 Hobbs Hollow,Missouri
134,Shannon Chambers,gonzalesjanice@example.org,45,4710 Joseph Port,Minnesota
135,Chad Paul,briannahernandez@example.net,28,59201 Donna Ways Apt. 617,Iowa
136,Nicholas Chavez,christopher25@example.org,40,07074 Nicholas Station,Mississippi
137,James Ellis,brian70@example.net,32,1026 Cordova Mall Apt. 122,Arizona
138,Johnathan Johnson,sarah12@example.com,34,692 Schwartz Forges,Indiana
139,Matthew Wilson,john99@example.net,40,727 Vargas Motorway Apt. 919,Arizona
140,David Miller,powersbrian@example.net,33,87781 Teresa Parks,Mississippi
141,Tiffany Martin,hdawson@example.org,26,714 Megan Street,Massachusetts
142,Robert Wilson,uwagner@example.net,42,4880 David Circles Suite 721,Minnesota
143,Michael Edwards,michelle04@example.org,40,066 Barry Wall,Kentucky
144,James Smith,ernest34@example.com,34,263 David Avenue,Maryland
145,David Vincent,lopezdiana@example.org,25,49121 Brown Mission Apt. 349,Iowa
146,Kevin Robbins,dana68@example.net,28,92602 Adams Stream Suite 384,Minnesota
147,Veronica Martinez,james81@example.com,31,384 David Avenue,Missouri
148,Alexis Patrick,brucewhite@example.net,39,0404 Amy Estates,Louisiana
149,Ricky Clay,robinsonmichael@example.net,25,95605 Oliver Divide,Massachusetts
150,Scott Rivera,owarren@example.com,28,73267 Fischer Branch,Indiana
151,Kevin Beltran,michael06@example.com,40,02863 Beck Fork Apt. 918,Massachusetts
152,Michelle Chen,erika39@example.com,28,7505 Denise Track Suite 466,Michigan
153,Troy Lee,miranda91@example.net,30,40747 Kathleen Ferry,Missouri
154,Gina Allen,carla05@example.com,40,90877 Mayo Shoals,Indiana
155,Jose West,wheelerdeanna@example.org,35,73033 Scott Well,Kansas
156,Michelle Munoz,piercebonnie@example.com,42,1504 Yu Village,Illinois
157,Robin Ruiz,xdiaz@example.net,33,98363 Edwards Terrace,Kentucky
158,Pam Simpson,hardingjamie@example.com,34,9962 Kerri Burgs Suite 569,Missouri
159,Barbara Bryant,theresa15@example.com,41,0998 George Union,Minnesota
160,Kristin Gutierrez,garciamonica@example.com,43,3076 David Rapids,Maine
161,Brett Wright,xjohnson@example.com,35,634 Ramirez Valleys,Iowa
162,Amy Barnes,pedrocameron@example.com,38,964 Morrison Shoal,Maryland
163,Justin Holland,larakathryn@example.com,34,4038 Dean Locks Apt. 893,Maine
164,Jennifer Santiago,fgraves@example.org,29,6461 Luis View Apt. 572,Maryland
165,Zachary Lane,william47@example.org,32,07943 Travis Shore,Illinois
166,Regina Villarreal,johnsmith@example.net,34,9473 Michael Lodge Apt. 238,Louisiana
167,Tammie Anderson,nathanleblanc@example.com,42,00665 Tara Hollow,Minnesota
168,Jonathan Young,xjackson@example.net,30,42026 Robert Field Apt. 188,Iowa
169,Gloria Taylor,awilson@example.com,41,33312 Susan Mews Suite 074,Arizona
170,Martin Powell,daviswesley@example.com,29,1411 Rodriguez Street,Maryland
171,Kyle Mejia,ericalara@example.com,30,79351 Thomas Trail,Massachusetts
172,Aaron Williams,jzuniga@example.net,35,08004 Clarke Burg Apt. 553,Kansas
173,Omar Moore,stephanie35@example.org,45,8285 Curtis Ford Suite 647,Iowa
174,Bradley Ritter,thompsonrichard@example.com,40,62948 Crawford Groves,Indiana
175,Mitchell Duncan,patrick01@example.org,40,960 Parker Ports,Arizona
176,Andrew Smith,bentonanthony@example.com,27,27126 Jimenez Turnpike,Iowa
177,Nancy Richardson,evansjon@example.org,33,7757 Christopher Spurs Suite 616,Michigan
178,Richard Jones,jamesyork@example.net,39,837 Nathan Flats Apt. 481,Indiana
179,Michael Church,jamesmoody@example.org,43,548 Simon Inlet,Mississippi
180,Jennifer Lopez,blairkevin@example.org,25,545 Rebecca Manors Suite 501,Minnesota
181,Alexa Kaufman,linda81@example.net,36,67682 Christopher Walk Apt. 528,Iowa
182,Karen Pittman,hcunningham@example.com,35,69514 Nelson Points Suite 606,Kentucky
183,Steven Gordon,becky41@example.org,45,2136 Christopher Hills Suite 028,Kentucky
184,Jennifer Hess,roberta81@example.com,34,908 Gregory Flat Apt. 258,Kentucky
185,Cassandra Archer,hardychristopher@example.com,42,03869 Williams Row,Maine
186,Dennis Martinez,eric44@example.com,37,52280 Kimberly Village Apt. 850,Indiana
187,Kristen Meyer,frederickstewart@example.net,41,3947 Karen Valley Apt. 931,Kentucky
188,Bradley Ross,kirsten70@example.org,37,87847 Diaz Drive,Louisiana
189,Larry Robertson,nicholas76@example.net,27,62567 Johnson Isle,Massachusetts
190,Melinda Price,kholmes@example.net,25,72582 Amy Cove Apt. 505,Indiana
191,Nicholas James,christophergomez@example.org,44,31352 Katherine Plains,Massachusetts
192,Audrey Mitchell,summer15@example.org,41,75338 Valerie Ports Suite 884,Mississippi
193,Yolanda Harvey,myersjohn@example.org,42,495 Ashley Ridges Suite 840,Massachusetts
194,Isaac Wilson,wrightmark@example.com,25,174 Kelly Via Suite 226,Michigan
195,Nicholas Park,larryharmon@example.com,42,899 Kennedy Plaza,Arizona
196,Kendra Baird,colekirk@example.com,35,48674 Morgan Stream,Maine
197,Gregory Paul,wgraves@example.net,25,8569 Lorraine Station Apt. 334,Iowa
198,Michael Clay,mgrimes@example.org,44,43786 Young Underpass,Kansas
199,Abigail Vaughn,ofarrell@example.com,27,579 Christopher Squares,Mississippi
200,Kyle Garcia,salazarjoseph@example.com,35,3691 Johnson Road,Massachusetts
201,Thomas Lee,hodgebill@example.net,34,1357 Stephanie Ramp Suite 766,Maine
202,David Terry,debra88@example.org,28,39914 Marvin Cliff Apt. 085,Massachusetts
203,Jeffrey Flores,uhoward@example.net,36,297 Weaver Hollow Suite 414,Illinois
204,Jenna Woods,vwilson@example.com,34,9612 Barrett Gardens Suite 714,Illinois
205,Sarah Gonzalez,osilva@example.net,40,38125 Sean Ridges Suite 637,Minnesota
206,Benjamin Smith,jessica47@example.net,34,145 Williamson Shore Suite 203,Minnesota
207,Amanda Stevens,ythompson@example.com,42,0261 Lori Viaduct Suite 338,Indiana
208,Lorraine Bradley,perezandrea@example.com,38,741 Keith Plains,Louisiana
209,Lisa Duncan,alexandramoore@example.net,33,14573 Joy Skyway,Michigan
210,Joe Lopez,hollyshort@example.com,32,706 Brandon Glen Apt. 571,Arizona
211,Jeffrey Lam,tranedward@example.com,34,4925 Fuller Knolls Apt. 624,Massachusetts
212,Barbara Hayes,novakmallory@example.org,29,65185 Payne Green Suite 839,Kentucky
213,Chase Moreno,valerieruiz@example.com,43,747 Hughes Walk,Illinois
214,Theresa Ramirez,henryjoshua@example.org,25,9176 Greene Corners,Minnesota
215,Adam Hansen,brandonwatson@example.net,27,45776 Duke Court,Louisiana
216,Teresa Jimenez,zwolf@example.org,36,1280 Amanda Light Suite 919,Illinois
217,Meagan Mcdowell,kimronald@example.net,44,00763 Daniel Spurs,Iowa
218,Juan Lozano,leemary@example.net,45,542 Dawn Wall Apt. 485,Arizona
219,Matthew Jacobs,jasonjohnston@example.com,36,5929 Golden Spurs,Massachusetts
220,Jacob Miller,anthonystephens@example.net,40,68619 Jessica Stream,Indiana
221,Gail Doyle,fscott@example.org,30,516 Jessica Port,Missouri
222,Christopher Montes,hnunez@example.org,39,394 Tammy Cliffs,Iowa
223,Julie Barber,uosborn@example.com,32,48538 Nicole Common,Illinois
224,Tonya Williams,colin93@example.net,36,62552 Mays Mountain,Kentucky
225,Mrs. Kimberly Lambert,ebradford@example.net,37,616 Michael Ramp Apt. 742,Missouri
226,Jeffrey Bennett,leeford@example.com,44,78025 Washington Pass,Kansas
227,Sean Spencer,dustin06@example.net,25,304 Mendez Shore Apt. 847,Illinois
228,Nancy Carter,dustinwaller@example.org,44,4187 Michael Shores,Kansas
229,Richard Johnson,zkelly@example.org,38,109 Rodriguez Meadows Suite 393,Kentucky
230,Tara Baker,petersonmark@example.org,29,291 Woodard Crossroad Suite 040,Minnesota
231,Jeffrey Cruz,jacksonramirez@example.org,40,9346 Williams Expressway,Maryland
232,Cheryl Martinez,leemichael@example.com,44,2760 Santana Mountains,Illinois
233,Steven Weber,sherry31@example.org,41,298 Alexander Shores Apt. 526,Missouri
234,Allison Dawson,kenneth79@example.net,40,2380 Williams Plains Apt. 424,Illinois
235,Julie Burnett,sandramack@example.com,42,984 Dominguez Valleys,Massachusetts
236,Sarah Conway,jrandall@example.org,44,95538 Nichols Landing,Arizona
237,Mary Green,jenniferramos@example.org,31,772 Shields Tunnel,Arizona
238,Michael Perez,stanleyralph@example.org,26,20635 Cunningham Port,Mississippi
239,Savannah Davis,austin86@example.com,41,082 Jonathan Shoal,Minnesota
240,Michael Perkins,stephanie51@example.org,43,2051 Bryan Field,Kansas
241,Brent Wilson,dawnperez@example.org,36,7754 Burton Rapid,Mississippi
242,Joshua Harper,ethanryan@example.net,40,8049 Wilson Mountains Suite 416,Iowa
243,Mr. Scott Vega,anthony36@example.com,40,959 Collins Prairie,Minnesota
244,Alison Schaefer,sheri27@example.org,29,638 Rebecca Fall,Michigan
245,Lindsay Mitchell,hmoss@example.net,26,90449 Burke Trace Suite 629,Iowa
246,Kimberly Atkinson,osmith@example.org,25,03414 Hernandez Dam,Minnesota
247,Katherine Duncan,jasoncurtis@example.com,43,9793 Michelle Island Apt. 293,Maine
248,Ruben Clark,bensonscott@example.net,38,309 Ross Islands Suite 512,Missouri
249,Stephen Huerta,katherine81@example.net,38,77873 Wong Parkway Apt. 020,Maine
250,James Thompson,tperez@example.net,36,6949 Amber Lodge Suite 360,Mississippi
251,Monica Webb,johnny77@example.com,28,5944 Wall Highway Suite 112,Indiana
252,Ashley Sanchez,hbrown@example.org,29,76854 Carter Way,Kentucky
253,George Lam,william44@example.org,38,106 Davis Inlet Suite 435,Mississippi
254,Rodney Williams,smithalyssa@example.org,42,6626 Justin Prairie Suite 670,Maine
255,Jennifer Green,vdavis@example.com,39,4827 Smith Lodge,Kansas
256,Joseph Guerrero,matthew39@example.net,27,15085 Perez Walks Apt. 342,Illinois
257,Erica Farmer,jordanemily@example.org,32,93396 Jacobs Harbors,Mississippi
258,Alexandra Hamilton,michael88@example.com,27,72489 Gonzales Harbor Suite 425,Iowa
259,Jessica Morales,wagnerrebecca@example.net,38,017 Howard Plains,Indiana
260,Nicholas Stark,michael02@example.net,41,199 Alison Path,Massachusetts
261,Jennifer White,mollyhawkins@example.net,36,913 Diaz Lights,Mississippi
262,Carmen Grimes,andrewdavis@example.net,34,25757 Silva Port Suite 456,Michigan
263,Mark Flores,kaylarice@example.net,45,402 Lucas Fall Apt. 991,Maryland
264,Caroline Mosley,susan90@example.net,36,561 Parrish Shore Apt. 654,Kansas
265,Linda Smith,ajacobs@example.net,36,0780 Bonnie Overpass Apt. 769,Louisiana
266,Roger Tucker,mejiajodi@example.net,40,87974 Leonard Burg Suite 910,Arizona
267,Brittany Owens,rogersleslie@example.org,34,868 George Crescent,Minnesota
268,Jennifer Washington,james06@example.com,33,9991 Jason Loop Suite 839,Maryland
269,Sara Smith,bthomas@example.com,41,832 Erika Wells Suite 711,Missouri
270,Shannon Thompson,cartercarla@example.org,39,4310 Shelly Lodge,Kansas
271,Louis Bell,joshuajackson@example.com,45,46062 Jamie Fall Suite 992,Arizona
272,Renee Li,theresahouston@example.net,28,9293 Hall Island,Kansas
273,Michael Ramirez,moorechristopher@example.org,45,2827 Vazquez Village,Minnesota
274,Mia Warner DDS,michaelroach@example.org,32,17879 Morris Lodge Suite 718,Massachusetts
275,Susan Watson,luis43@example.com,34,7231 Watts Meadows,Louisiana
276,Taylor Sloan MD,karen55@example.net,29,693 Torres Stravenue Suite 030,Michigan
277,Melissa Green,fosterkimberly@example.net,37,77880 Benjamin Brook,Missouri
278,Jacob Garcia,lcopeland@example.com,35,77119 Michelle Light,Kansas
279,April Porter,tracyrivera@example.net,28,35741 Benjamin Spring Apt. 605,Mississippi
280,Kevin Deleon,diazkatherine@example.com,41,49911 Baker Squares Suite 444,Maryland
281,Anna Owens,michaelcollins@example.net,44,41558 Mahoney Lane Apt. 834,Maryland
282,Heather Bryant DVM,fgomez@example.com,41,4335 Jeffrey Islands,Massachusetts
283,Eric Hernandez,edwardstracy@example.net,41,0869 Jenna Gardens Apt. 037,Louisiana
284,Andrea Oneal,christina56@example.org,33,346 Chambers Crossroad Suite 545,Indiana
285,Scott Frank,edward11@example.org,27,060 Taylor Plaza Suite 455,Indiana
286,Karen King,jennifer39@example.org,41,220 Schultz Views Suite 575,Mississippi
287,Judy Palmer,bradleyjames@example.net,33,29358 Rodriguez Inlet,Maine
288,Jennifer Stewart PhD,michele20@example.org,30,26406 Renee Hill Suite 852,Missouri
289,Jennifer Williams,zfrazier@example.net,36,67663 Wilson Plains,Massachusetts
290,Aaron Cooper,rrobinson@example.com,26,6038 Tran Mountain Apt. 161,Iowa
291,Kenneth Taylor,cindythomas@example.org,29,005 Jesus Extension,Missouri
292,Amy Bowman,janetbridges@example.org,26,75912 Robert View Suite 009,Maryland
293,Carlos Giles,scisneros@example.com,34,20062 Mason Skyway Apt. 159,Kansas
294,Roger Shannon,jsmith@example.net,25,36184 James Islands,Massachusetts
295,Brenda Hudson,rraymond@example.org,41,581 Davis Prairie,Kentucky
296,Angela Patton,brian38@example.com,27,56341 Nelson Knolls Suite 634,Louisiana
297,Angela Webb,hamptonbetty@example.net,32,21794 Mario Drive Suite 691,Louisiana
298,Derrick Ayers,morrisrichard@example.net,27,4839 Antonio Orchard Apt. 538,Illinois
299,Kaitlyn Bean,wolsen@example.com,34,3850 Mata Stream,Arizona
300,Stanley Lopez,brandonkennedy@example.net,43,075 Santos Fork Apt. 471,Massachusetts
301,Aaron Peters,williammcdaniel@example.com,40,24454 Hall Course,Maine
302,Daniel Henson,lflores@example.net,39,2239 Jonathan Unions,Kansas
303,Nicholas Medina,carrie34@example.com,42,829 Karina Manors Suite 762,Iowa
304,Cameron Cabrera,richardandrews@example.com,33,09697 Davis Estate,Kansas
305,Michael Hays,wbenjamin@example.net,32,930 Richardson Plains,Maine
306,Casey Hill,bullockjoseph@example.net,35,1842 Thompson Inlet,Arizona
307,Kristin Huynh,ukelley@example.net,30,570 Heather Mall Apt. 696,Maryland
308,Gary Hunter,carrpaul@example.org,29,86513 Tyler Shoals Apt. 453,Iowa
309,Christopher Ward,csmith@example.org,27,0982 Jackson Ranch Suite 508,Maryland
310,Emily Reed,jared19@example.org,29,5577 Miles Manors Apt. 946,Kentucky
311,Amanda Preston,marymartin@example.com,30,0216 Shelton Run,Louisiana
312,Danny Smith,claudia24@example.com,30,85057 Emma Meadows Suite 142,Arizona
313,Ann Knapp,darren45@example.org,41,568 Zachary Glens,Michigan
314,Justin Weiss,fmckinney@example.com,25,7946 Erica Streets,Maine
315,Kenneth Hall,samuelperez@example.net,35,3463 James Stream Apt. 696,Kansas
316,Wesley Hunt,johnsonmichael@example.com,31,7524 Roth Pine Suite 560,Kentucky
317,Clayton Walton,sextonpeter@example.com,29,2644 Rachel Crest Apt. 482,Illinois
318,Nicole Vega,leechristopher@example.org,30,515 Christopher Ferry Suite 779,Michigan
319,Howard Bailey,brockjeffrey@example.com,27,5325 Williams Valley,Michigan
320,Debra Mitchell,hbrown@example.com,40,752 Watkins Glens,Illinois
321,Amber Gomez,vanessajohnson@example.net,40,069 Christie Hill,Maine
322,Angela Mercer,sharprichard@example.net,26,5750 Charles Mission Apt. 934,Mississippi
323,James Moore,rromero@example.net,41,895 Charles Key Apt. 607,Arizona
324,Andrew Morrison,amandaortega@example.org,25,187 Joshua Expressway Apt. 240,Maryland
325,Linda Robinson,vegakevin@example.org,38,239 Downs Port,Kansas
326,Joshua Moore,josephhall@example.net,26,46813 Cordova Ridges Apt. 478,Kentucky
327,Kathryn Lin,mariaadams@example.com,43,9395 Savannah Groves Apt. 611,Kentucky
328,Krista Salazar,johnallen@example.net,34,783 Jennifer Drive Suite 092,Massachusetts
329,James Poole,brownalejandro@example.com,32,14693 Dillon Glens,Maryland
330,Melissa Gomez,grantgabriel@example.net,36,26638 West Terrace,Kansas
331,Rodney Brooks,malonebrent@example.com,37,380 Weaver Island Suite 774,Minnesota
332,Martin Whitaker,tiffanydominguez@example.net,45,1635 Holland Extension Apt. 199,Missouri
333,Leslie Butler,robertsmith@example.com,36,87630 Eric Mission,Minnesota
334,Jeffery Brooks,andersonrebecca@example.org,36,48191 Romero Crest,Missouri
335,Andrew Pierce,iholmes@example.com,39,4621 Harris Dam,Kentucky
336,Jessica Mccoy,virginia66@example.com,27,8046 Mark Highway,Kentucky
337,Robert Stewart,daniel35@example.org,31,66896 Jerry Streets,Maine
338,Jonathan Moore,stephanielewis@example.com,34,18865 Dalton Walk,Illinois
339,Jessica Hughes,gerickson@example.net,26,64810 John Rest Apt. 201,Maryland
340,Samuel Morse,rodneyfrank@example.org,30,043 Chapman Freeway,Maine
341,Amy Dalton,victorturner@example.com,39,1897 Daniel Hill,Missouri
342,Samantha Maynard,juan90@example.net,35,27320 Arnold Extension,Iowa
343,Dean Green,millerpamela@example.org,25,0131 Harvey Crossroad,Illinois
344,Kenneth Martin,christina09@example.net,32,780 Nichole Hollow Apt. 775,Massachusetts
345,Dr. Andrew Anderson,adrienne63@example.net,33,7627 John Trail,Michigan
346,Kaylee Wong,davislauren@example.net,29,6730 Michelle Mission Suite 671,Louisiana
347,Amy White,omoore@example.com,43,06204 Denise Crescent,Kentucky
348,Ashley Knight,jennifercoleman@example.org,45,79930 Margaret Isle Suite 064,Iowa
349,John Robinson,christina77@example.net,43,603 Reese Rapid,Minnesota
350,Jamie Tate,garnerjeffrey@example.org,29,9671 Salinas Stravenue Suite 996,Minnesota
351,Michael Lane,dperkins@example.org,28,973 Erica Cliff Suite 068,Louisiana
352,Kristin Kennedy,wattsjohn@example.net,44,1399 Wood Turnpike Suite 856,Mississippi
353,Kathleen Webster,austinjocelyn@example.org,29,2010 Caldwell Trace Suite 008,Louisiana
354,Gail Ramirez,whitemary@example.org,26,4245 Bruce Plaza Apt. 738,Illinois
355,Kristy Johnson,reyeslisa@example.com,29,5660 Miller Row,Iowa
356,Cheryl Rivera,justin30@example.net,45,19637 Autumn Street,Kentucky
357,Tanya Braun,maldonadovanessa@example.org,26,35915 Matthews Stream Apt. 705,Kansas
358,Taylor Perez,april63@example.com,36,1778 Diane Glen,Kansas
359,Daniel Woods,brownanna@example.net,43,730 Christina Dale,Maine
360,Penny Richardson,dennisjoseph@example.net,39,40245 Lopez Fall,Massachusetts
361,Dr. Robert Zuniga,aguilarcindy@example.org,32,425 Melanie Isle,Maryland
362,Gary Mason,pearsonnatasha@example.org,33,1993 Kelly Viaduct,Illinois
363,Philip Johnson,jennifersmith@example.net,30,124 Welch Crescent Suite 856,Indiana
364,Anthony Stevenson,thansen@example.com,31,91727 Valerie Ridges Apt. 635,Mississippi
365,Karen Lopez,gutierrezmary@example.com,45,4418 Beth River,Iowa
366,Amber Hurley,kara60@example.net,28,7129 Cantrell Centers Apt. 615,Minnesota
367,Jasmine Briggs,spotter@example.com,36,506 Danielle Viaduct,Michigan
368,Adriana Sanchez,haley04@example.com,34,03894 Kevin Highway,Michigan
369,Benjamin Johnson,juliewilson@example.org,30,3036 Brandon Key,Arizona
370,Carly Lozano,fmyers@example.com,36,860 Martinez Light,Maine
371,Victoria Marsh,haley26@example.net,27,543 Soto Mountain,Minnesota
372,Matthew Ellis,athompson@example.com,36,920 Jessica Trail,Maine
373,Jennifer Serrano,pearsonrichard@example.org,42,476 Jones Lake,Kentucky
374,Kevin Munoz,annasullivan@example.net,41,714 Thomas Extensions,Kansas
375,Ana Salas,john94@example.org,40,871 Anderson Flat Apt. 726,Iowa
376,Allison Sanchez,mendozajoanna@example.com,45,089 Russo Circle Suite 319,Iowa
377,Jennifer Cooper,kenneth62@example.org,39,9175 Brian Well Suite 317,Kansas
378,Clinton Walker,kaylee91@example.net,25,82728 John Expressway,Maryland
379,Carol Smith MD,lshah@example.net,33,771 Nicholas Pines Apt. 723,Indiana
380,Mark Newman,yolanda73@example.net,35,076 Boyd Gateway Apt. 219,Arizona
381,Janet Moore,yatesshawn@example.com,42,062 Miller Brooks Suite 946,Louisiana
382,Caitlin Winters,nobleanita@example.net,38,745 Robles Lights,Indiana
383,Carl Campbell,nixonlaura@example.net,31,3134 Michael Crescent,Indiana
384,Robert Lloyd,charles33@example.com,43,10049 Blankenship Extensions Suite 553,Maine
385,David Miller,gsaunders@example.net,39,64911 Williams Orchard Suite 382,Mississippi
386,Matthew Scott,cathysalas@example.net,32,36241 Smith Summit,Louisiana
387,Abigail Johnson,phelpsscott@example.net,33,61410 Jennings Harbors Suite 398,Indiana
388,Christian Poole,lambjennifer@example.net,45,78833 Patrick Valley,Louisiana
389,Nichole Gordon,tammy21@example.org,26,0732 Kristin Cliffs Apt. 500,Maine
390,Laurie Stewart,millertonya@example.net,29,8468 Smith Mews Suite 691,Maryland
391,Kristy Eaton,richardarellano@example.org,45,106 Darrell Falls Suite 354,Iowa
392,Holly Walters,emily80@example.net,37,44314 Hall Harbors Suite 640,Maine
393,Jessica Hart,joeldavis@example.com,34,46694 Stafford Harbors Suite 038,Kansas
394,Christina Lopez,smiller@example.org,36,27305 Floyd Springs Apt. 177,Kansas
395,Travis Phillips,lfrazier@example.net,36,372 Diaz Wells,Minnesota
396,Sergio Collier,paul66@example.org,27,2289 West Estate,Kansas
397,Philip Mcclure,brendan66@example.org,25,9326 Zuniga Pines,Illinois
398,Lucas Chen,kylegutierrez@example.net,27,33756 Mcdonald Mountains,Kansas
399,Laura Carter,joshuamills@example.org,32,748 Moore Fort,Arizona
400,Jordan Mann,nancyday@example.org,29,81067 Michael Drive,Minnesota
401,James Kennedy,tracygonzalez@example.net,39,347 Steven Field,Maryland
402,Abigail Ramirez,lucashayes@example.com,42,950 David Point Suite 942,Kansas
403,John Turner,douglas94@example.org,31,3633 Fischer Village,Massachusetts
404,Brandon Franklin,bookeramanda@example.com,45,52168 Kimberly Burg,Indiana
405,Stephanie Wang,john61@example.net,33,616 Patterson Shoals Suite 175,Arizona
406,Benjamin Brown,charles24@example.org,38,0970 Donna Rapid,Michigan
407,Jimmy Casey,torreslarry@example.com,44,978 Leonard Skyway,Indiana
408,Patrick Williams,syoung@example.org,27,9870 Corey Way Apt. 944,Indiana
409,Maria Alvarado,millerchristina@example.com,40,98006 Reyes Locks,Maine
410,John Jackson,gillespiekathleen@example.org,30,9928 Diane Ridge Apt. 449,Louisiana
411,Tiffany White,patrick28@example.org,39,881 Brandi Mission,Michigan
412,Margaret Arnold,andersonkimberly@example.org,43,9951 Benjamin Corners,Mississippi
413,Ryan Carter,fraziertracy@example.net,38,96710 Chan Glens Suite 374,Arizona
414,Mark White,adamscott@example.com,26,73357 Sarah Gardens Apt. 245,Illinois
415,Christina Benjamin,craig71@example.net,28,8957 Kathy Roads Apt. 001,Kentucky
416,Theresa Harrison,colemanadam@example.com,30,5328 Chavez Terrace Suite 692,Kansas
417,Lisa James,brandonhinton@example.net,27,95760 Dwayne Loaf,Massachusetts
418,William Williams,villanuevawanda@example.org,31,99687 Amy Courts,Missouri
419,Amy Valentine,lisa70@example.net,25,261 Evans Knolls,Illinois
420,Kathleen Dudley,edward10@example.org,36,67776 Cynthia Ways Apt. 445,Indiana
421,Caleb Dean,johnanderson@example.net,37,096 Alyssa Groves Suite 943,Kentucky
422,Julie Watkins,grosstammy@example.net,34,71740 Pennington Walk,Arizona
423,Stacey Saunders MD,hhoward@example.com,39,563 Joyce Rest,Indiana
424,Brian Navarro,williamsbarbara@example.org,38,37657 Vazquez River Apt. 930,Louisiana
425,Robin Jackson,emily42@example.net,29,35797 Davis Ford Suite 413,Missouri
426,Emily Harris,thomaspeterson@example.com,31,35144 Coleman Shoals Apt. 347,Missouri
427,Julie Gomez,hudsongeorge@example.net,39,249 Joyce Circles Suite 657,Michigan
428,Angela Martinez,stevegarcia@example.org,25,50790 Gregory Groves Suite 450,Michigan
429,Sean Rangel,skennedy@example.org,27,582 Ware Heights,Missouri
430,Charlene Roman,fwagner@example.org,44,80831 Fields Branch,Indiana
431,Melissa Ruiz,robinsonjames@example.org,27,40887 Matthew Trafficway Suite 000,Kansas
432,Donald Garcia,xmoore@example.org,45,68240 William Curve,Kentucky
433,Nancy Kirby,jacob57@example.net,34,573 Owens Well Apt. 965,Kansas
434,Samantha Garner,kristaandrade@example.org,36,555 Belinda Shoals Apt. 673,Maine
435,Daniel Petty,njennings@example.net,26,9375 Castro Highway Suite 123,Mississippi
436,Joseph Johnson,jaimejackson@example.com,29,9115 Donna Fall,Maryland
437,Dr. Elizabeth Campos DDS,shannonlyons@example.org,40,9054 Thomas Mills,Arizona
438,Jessica Robinson,smithjustin@example.com,39,5500 Deborah Causeway Suite 344,Maine
439,Mr. Christopher Lowe,vargaserica@example.net,30,2952 Jose Wells Suite 313,Massachusetts
440,Tyrone Owens,lisagomez@example.com,31,59314 Campbell Bypass Apt. 020,Maine
441,Jordan Lewis,courtney01@example.net,38,40901 Emily Forges Suite 505,Kentucky
442,Andrew Duarte,lroberts@example.net,44,9246 Brown Extension Suite 431,Michigan
443,Anthony Osborne,joel34@example.org,30,9350 Derek Junction,Indiana
444,Joanna Mullins,tami82@example.com,27,719 John Corner Apt. 316,Arizona
445,Jennifer Scott,bernarderik@example.com,30,3289 Amy Plain Suite 215,Kentucky
446,Brandi Richards,fcastro@example.org,25,48687 Lewis Locks,Massachusetts
447,Aaron Anderson,vincentpruitt@example.org,42,708 Joshua Track,Arizona
448,Laura Johnson,thomas81@example.org,28,8095 Williams Village Suite 509,Massachusetts
449,James Hall,zoepetty@example.com,41,297 Craig Valleys,Indiana
450,Kristen Benson,sochoa@example.com,37,1337 Gabriela Valleys,Mississippi
451,Patricia Brown,qjackson@example.org,26,7407 Scott Junctions,Louisiana
452,Matthew Hanson,walkerrobert@example.net,32,91263 Hawkins Groves Suite 819,Arizona
453,Emily Harrington,spencerlee@example.net,38,4977 Steven Key,Louisiana
454,Stephanie Mcfarland,eugene00@example.org,28,5388 Villa Plains,Missouri
455,Rick Singh,nstephens@example.net,45,27962 Neal Turnpike Suite 088,Kansas
456,Norma Sanchez,aaron57@example.com,28,4373 Amanda Stravenue,Illinois
457,Megan Bailey,yprice@example.com,29,8815 Rodgers Road Apt. 382,Maine
458,Olivia Delacruz,karenanderson@example.com,27,123 Carlos Land Suite 374,Maryland
459,Amber Merritt,xwolf@example.net,42,268 Stacy Forks,Maine
460,Darius Sosa,crussell@example.com,42,185 Taylor Parkway,Arizona
461,Peter James,debrajefferson@example.net,37,9183 John Valleys,Iowa
462,Claire Kemp,martinezjudy@example.org,29,49375 Gibson Roads,Iowa
463,Olivia Odonnell,teresa03@example.net,28,0738 Thomas Gardens Suite 262,Louisiana
464,Jacob Hernandez,davisjennifer@example.com,44,69913 Michelle Shore,Louisiana
465,Joan Turner,gregory86@example.com,42,74409 Linda Club Apt. 619,Indiana
466,Michael Parker,johnsonrachael@example.net,41,44380 Bell Fall,Kentucky
467,Michael Nguyen,michaelsoto@example.net,33,575 Cain Landing Suite 350,Arizona
468,Kimberly Harris,reedlisa@example.net,34,6927 Devin Road Suite 426,Kentucky
469,Elizabeth Smith,smithlouis@example.com,36,22609 Brown Canyon Suite 665,Minnesota
470,Jose Kirby,david69@example.org,25,6900 Harold Center Apt. 871,Mississippi
471,Amanda Chen,spham@example.com,31,80168 Brown Forks Apt. 729,Iowa
472,Matthew Ballard,nelsongabriela@example.net,43,26511 Robert Prairie,Iowa
473,Adam Barr,stanleymegan@example.com,28,726 Tiffany Fall,Kentucky
474,Courtney Gardner,jonestimothy@example.com,30,640 Matthew Rapids Suite 829,Maine
475,Patricia Diaz,dennissmith@example.com,32,8543 Green Crossing,Massachusetts
476,Karen Ross,gilbertamanda@example.com,26,930 Gill Summit Suite 175,Arizona
477,Susan Horne,brookssamantha@example.net,29,861 Ochoa Lodge Apt. 924,Iowa
478,Lisa Hogan,rclark@example.com,25,551 Riley Isle,Michigan
479,Tony Bowers,ariel53@example.org,25,9965 Matthew Ramp Suite 396,Iowa
480,Diane Davenport,robert85@example.org,26,410 Tim Bridge Apt. 375,Kentucky
481,Sandra Boyle,arielkrueger@example.net,41,321 Skinner Route,Michigan
482,Barbara Gomez,daviskendra@example.com,27,3068 Wilson Wall,Mississippi
483,Shawn Page,jennifer13@example.com,37,38729 Nguyen Haven,Minnesota
484,Christopher Diaz,steven34@example.org,34,12359 Martinez Loop,Michigan
485,Jessica Ross,nharrison@example.com,31,051 Penny Hollow,Missouri
486,Steven Matthews,wallterry@example.com,28,22702 Jim Courts Suite 366,Mississippi
487,Tonya Graham,bcarter@example.net,27,5422 Lucas Ports,Maryland
488,Travis Burns,matthew71@example.net,43,35312 Price Spring Suite 370,Iowa
489,Zachary Hall,nicole37@example.org,38,40925 Wells Underpass,Indiana
490,Lauren Walsh,fwalker@example.org,38,57679 Chad Plaza Suite 820,Illinois
491,Emily Gregory,erikagibson@example.com,29,90370 Fisher Spring,Illinois
492,Michael Potter,karenwhitehead@example.com,26,931 Beasley Ridge Suite 565,Iowa
493,Kelly Alvarez,uweber@example.net,41,37427 Joseph Dam Apt. 362,Iowa
494,Bethany Garcia,josewhite@example.org,31,266 Harris Fall,Illinois
495,Victor Jackson,wcastillo@example.org,28,37700 Sanchez Drives,Kentucky
496,Stacey Lewis,vegaangel@example.net,38,14247 Donovan Lakes,Iowa
497,Gina Robinson,michaelmorgan@example.net,36,04888 Summers Courts,Louisiana
498,Kendra Parker,nbrown@example.com,43,131 Benson Summit,Illinois
499,Kevin Smith,tony65@example.com,28,398 Gray Tunnel,Mississippi
500,Nicholas Aguilar,xromero@example.org,44,3645 Manning Wall,Kansas
501,Robin Barnett,patricia36@example.net,29,6474 Ryan Wells,Louisiana
502,Bradley Williams,tamaramiller@example.org,43,5485 Dickson Bypass Suite 156,Indiana
503,Diane Russell,scottkirk@example.com,25,961 Michele Curve Suite 566,Illinois
504,Miranda Randolph,stephencunningham@example.org,42,76224 Hill Ville,Iowa
505,Cynthia Hanson,lisarobertson@example.org,29,1564 Parker Cliffs Apt. 693,Maryland
506,Paul Lewis,nblack@example.com,40,50632 Henry Summit Apt. 027,Indiana
507,Danny Jones,natalie72@example.org,40,237 Nathan Islands Apt. 037,Mississippi
508,Dr. Wendy Singh,tracyperez@example.com,27,03529 Stephen Centers Suite 721,Minnesota
509,Russell King,vporter@example.net,39,629 Nichols Plaza,Kentucky
510,Jennifer Peterson,jennifer29@example.org,39,606 Sarah Estates Suite 285,Arizona
511,Lisa Clarke,laura87@example.org,33,864 Ramsey Plaza,Kansas
512,Nathan Boyle,gillespiepaula@example.org,37,2651 Williams Flats,Kentucky
513,Laura Maldonado,knightbelinda@example.net,25,837 Jon Run,Illinois
514,Jeffrey Harrison,xleach@example.net,33,172 Jessica Walks,Minnesota
515,Ellen Williams,juliemartin@example.org,40,46875 Trevor Station,Maine
516,Lawrence Brown,knappkim@example.net,42,565 Thomas Rest Suite 673,Michigan
517,Stacey Williamson,susan08@example.com,29,619 Lynn Spur,Kansas
518,Yolanda Mcmahon,laura47@example.com,26,711 Johnson Ridges,Massachusetts
519,Sharon Cortez,cwerner@example.com,32,272 Huff Corners,Arizona
520,Brian Espinoza,nthornton@example.com,40,8552 Williams Pass,Illinois
521,Anthony Cohen,wendyjackson@example.org,42,76222 John Pines,Louisiana
522,Francis Gibson,kimberlypugh@example.com,31,0099 Stevens Canyon,Kentucky
523,Brandon White,hughesdonna@example.net,44,039 Johnson Harbor,Louisiana
524,Kristen Boyd,robin58@example.org,29,845 Jeffrey Island,Kentucky
525,Jose Hill,josepowell@example.com,36,531 Travis Extensions Apt. 284,Michigan
526,Rachel Stephens,eramirez@example.org,42,22809 Russell Lodge Apt. 407,Maine
527,Wendy Perez,sampsonzachary@example.org,32,0771 Anita Freeway Suite 230,Illinois
528,Rebekah Leon,hubbardamy@example.net,39,1549 Robles Bridge Suite 451,Minnesota
529,Michael Ellis,wadetimothy@example.com,27,018 Kim Forge Suite 689,Kansas
530,Jeremy Campbell,matthewslaura@example.com,40,556 Erica Viaduct Apt. 836,Iowa
531,Walter White,alfredhall@example.org,39,995 Bruce Courts Apt. 353,Indiana
532,Joshua Carson,ericlee@example.org,35,6589 Clayton Roads,Illinois
533,Paul Chapman,christopher79@example.com,35,51925 White Extensions Suite 677,Massachusetts
534,Victor Collins,shannon78@example.com,25,8528 Shaw Ridges Apt. 735,Missouri
535,Stephanie Burton,hernandezrodney@example.net,35,251 White Lakes Apt. 903,Michigan
536,Crystal Robertson,robinsonwilliam@example.net,31,5351 Baker Ramp,Indiana
537,Antonio Hale,reyesadam@example.net,31,2074 Jacob Rapid Suite 163,Michigan
538,Joseph White,bradfordjamie@example.org,33,5661 Stephanie Valleys,Maine
539,Jessica Chen,emcmahon@example.org,41,300 Brett Common,Indiana
540,Angela Wright,sarahjohns@example.org,45,22724 Jeffery Ramp Suite 069,Minnesota
541,Yesenia Hunter,dwillis@example.net,30,0218 Garcia Ferry,Iowa
542,Neil Calderon,sjimenez@example.com,26,48775 Adam Parks Apt. 938,Iowa
543,Harold Barnett,davidhansen@example.net,42,21587 Shelby Rest Apt. 228,Minnesota
544,Margaret Lewis,lisa86@example.org,29,4429 Abigail Ways Suite 208,Kentucky
545,Jason Hanson,michael21@example.net,31,34993 Grimes Vista Suite 238,Louisiana
546,Fred Barker,williamporter@example.com,42,41294 Laurie Burg Suite 003,Indiana
547,Cindy Adams,vproctor@example.net,35,32277 Elizabeth Junction,Maine
548,Jonathan Cline,brandy54@example.org,41,1679 Nguyen Spur,Michigan
549,Mr. Daniel Wilcox,ajordan@example.net,43,036 Daniel Branch Apt. 599,Minnesota
550,Douglas Ellis,fzimmerman@example.net,36,1279 Stacy Place Suite 815,Missouri
551,Kevin Smith,xhernandez@example.com,37,256 Lauren Cove,Mississippi
552,Juan Parker,meganbender@example.com,44,322 Kimberly Extension,Kansas
553,Justin Carter,qgill@example.org,30,658 Shaw Loop Suite 239,Kentucky
554,Ashley Garner,gregorykelly@example.org,32,59300 Jesse Course Apt. 412,Indiana
555,Jonathan Bell,shane65@example.org,32,5805 Castillo Loaf Apt. 736,Indiana
556,Andrea Boyd,wardannette@example.com,30,280 Michael Square,Maryland
557,Troy Moss,samuelreed@example.org,41,6065 Angela Fork,Missouri
558,Anthony Morris,jessica11@example.com,35,4578 Weaver Spring Suite 863,Indiana
559,Dakota Hodges,jessicalucas@example.com,35,7457 Miller Orchard,Arizona
560,Valerie Howard,michaelromero@example.com,44,130 Jonathon Throughway Suite 180,Kentucky
561,Thomas Holt,connorryan@example.com,40,6478 Morgan Springs,Kentucky
562,Terrance Mullen,lindamyers@example.com,37,9834 Marcus Village Suite 754,Massachusetts
563,Amanda Miller,jessicakirk@example.net,42,0617 Donald Station,Arizona
564,Isaiah Nelson,karnold@example.org,33,458 Rachel Hollow Apt. 581,Iowa
565,Jeff Herrera,christopher34@example.net,26,633 Michelle Tunnel,Iowa
566,Lisa Joseph,pmurray@example.com,28,59227 Kimberly Cliff,Iowa
567,Danny Smith,scottcoleman@example.net,26,10783 William Plains,Illinois
568,Jeremy Vaughan,ustrickland@example.com,39,9038 Heather Lodge,Kansas
569,Brent Benton,westmichelle@example.com,38,921 William Street,Minnesota
570,Amy Jones,fyang@example.com,45,910 Velez Forest,Mississippi
571,Mark Mcpherson,amandalyons@example.com,38,161 Lowery Hill Apt. 897,Massachusetts
572,Shelby Anderson,qchung@example.org,33,941 Ford Rapids,Illinois
573,Tyler Jones,michelle42@example.com,38,388 Mark Avenue,Illinois
574,Michael Garcia,mercadopatrick@example.org,41,5362 Larry Stream Apt. 308,Kentucky
575,Kathleen Baker,richard57@example.org,34,33025 Robinson Station Apt. 873,Kentucky
576,Patricia Pitts,tinaharris@example.com,28,28358 Thompson Meadows,Louisiana
577,Michael Cook,dennisjane@example.net,28,87221 Taylor Pike,Louisiana
578,Stephanie Delacruz,cobbjoshua@example.org,44,99079 Laurie Crossroad Suite 489,Kansas
579,Victoria Wilson,sandovalclaudia@example.com,42,56435 Alvarez Drive,Massachusetts
580,Nathan Patel,elizabethanderson@example.com,27,6691 Marsh Plaza Apt. 428,Kansas
581,Tracy Henderson,marymoore@example.com,43,492 Barr Square Apt. 280,Maine
582,Jeffrey Harris,ashley08@example.com,45,9001 Donna Land,Indiana
583,Tonya French,brandonklein@example.net,37,962 Townsend Place,Louisiana
584,Heather Smith,bobby75@example.com,37,7065 Ramirez Radial,Iowa
585,David Grant,timothy53@example.com,26,024 James Roads Apt. 894,Maine
586,Joshua Harris,zherrera@example.com,41,063 Kyle Branch Suite 218,Arizona
587,Ryan Massey,bradwilliams@example.org,31,89692 Navarro Common,Arizona
588,Aaron Collins,scottmartinez@example.org,33,4373 Quinn Isle Apt. 242,Minnesota
589,Maria Adams,debramorrow@example.net,28,5581 Jo Crescent,Massachusetts
590,Tammy Sanchez,kayla48@example.com,34,40491 Clark Branch,Kentucky
591,Howard Alexander,stanley72@example.com,40,83193 Chandler View,Michigan
592,Micheal Brewer,john66@example.net,41,9106 Tammy Expressway Apt. 505,Illinois
593,John Sawyer,ngoodwin@example.org,45,36345 Steven Plain Suite 276,Illinois
594,Katherine Hartman,abennett@example.net,33,2174 Alexandria Springs Apt. 118,Missouri
595,Heidi Henderson,ppoole@example.net,38,56284 Medina Points,Maryland
596,David Terry,cindyyu@example.com,29,147 Delgado Stravenue Suite 703,Illinois
597,Ashley Nguyen,nmartinez@example.com,37,98347 Martin Burgs Apt. 031,Michigan
598,Rebecca Guzman,lsmith@example.net,40,575 Rich Cliff Suite 103,Maryland
599,Alec Perry,teresa31@example.net,44,997 Philip Lodge Apt. 808,Louisiana
600,Michael Arias,welchjonathan@example.org,32,79835 Mitchell Turnpike,Louisiana
601,Chelsea Clarke,fosterstacy@example.com,28,430 Bobby Shoals,Michigan
602,Dennis Pierce,vaughanjesus@example.net,41,3340 Peggy Burgs,Iowa
603,Carl Mendoza,miguelmoore@example.org,25,04178 Singh Curve Suite 724,Louisiana
604,Jerry Mckinney,millerpaula@example.net,35,7614 Harding Underpass Apt. 302,Maryland
605,Nathan Barber,hartmanmisty@example.com,30,605 Carter Squares,Mississippi
606,Carol Murphy,suzannehenson@example.net,29,7639 Rollins Plain,Minnesota
607,Jonathan Brown,emilymoore@example.net,33,81654 Bowman Turnpike,Louisiana
608,Carol Coleman,dennispowell@example.org,35,01873 Kimberly Avenue Suite 142,Missouri
609,Timothy Vaughn,maryhernandez@example.com,36,144 Alexander Centers Suite 952,Indiana
610,Brittany Simmons,fodom@example.com,35,20238 Lane Valley Apt. 233,Iowa
611,Michelle Mitchell,johnlevine@example.org,41,38355 Mary Drives Apt. 757,Indiana
612,Michael Goodman,robertsbrian@example.net,28,6260 James Parkway,Kansas
613,Melissa Pratt,kristinasimpson@example.org,31,114 Matthew Spurs,Missouri
614,Kimberly Hill,jamie82@example.com,42,26518 Hill Flats Apt. 369,Missouri
615,Dorothy Baker,hjohnson@example.net,36,84360 Mclaughlin Gateway Suite 256,Louisiana
616,Joshua Warner,thomascatherine@example.org,30,60380 Zamora Station,Mississippi
617,Robin White,nlee@example.com,35,531 Timothy Mount,Indiana
618,Tracey Bean,cynthiacarter@example.org,33,429 Lawrence Spurs Suite 375,Illinois
619,Eric Williams,etorres@example.org,33,1196 Thompson Springs,Maryland
620,Nicole Figueroa,aowens@example.net,40,845 Keller Canyon Suite 434,Mississippi
621,Samuel Pena,mstanley@example.org,31,06674 Gentry Spring Suite 701,Massachusetts
622,Cameron Huff,vanessasalinas@example.org,41,353 Gross Port,Louisiana
623,Craig Diaz,jamesheath@example.com,30,51227 Potter Corners,Iowa
624,Kimberly Cain,tgarcia@example.com,40,5540 Adams Pass,Missouri
625,Katie Ross,gibsonlisa@example.com,45,482 Valerie Drive,Minnesota
626,Brandon Small,johnhines@example.com,28,7710 Harris Passage Apt. 690,Maryland
627,Ryan Kelley,xbass@example.com,45,99184 Kevin Island Apt. 799,Illinois
628,Brenda Lopez,cguzman@example.com,34,983 Adam Lakes,Arizona
629,Stephanie Garcia,mccormickmaria@example.com,40,617 Morgan Wells,Missouri
630,Alejandro Banks,michael22@example.org,37,905 Charles Plains Apt. 494,Iowa
631,Christy Ibarra,ngonzalez@example.net,40,80478 Rhodes Meadows Suite 566,Indiana
632,Candice Nunez,stewartanthony@example.org,25,9478 Baker Fall,Arizona
633,Jennifer Hampton,johnsonadam@example.com,42,602 Smith Run Suite 274,Missouri
634,Mark Gilbert,millerlinda@example.net,36,24350 Monroe Street Suite 598,Indiana
635,Nicole Phillips,olsonkimberly@example.org,44,06944 Gill Ferry,Kansas
636,Justin Ramsey,brenda84@example.com,25,3529 Christopher Motorway Suite 574,Maine
637,Jodi Hernandez,baileylynch@example.org,36,994 Heidi Points,Minnesota
638,Becky Collins,sgraves@example.net,31,7975 Gloria Brooks,Missouri
639,Kelsey Bond,shannon74@example.org,42,6253 Joshua Trafficway Apt. 573,Maryland
640,Shawn Meyer,estradajohn@example.net,41,9396 Mark Coves,Maryland
641,Jennifer Valdez,zachary99@example.com,39,528 Linda Forge Suite 626,Iowa
642,Ryan Collins,uperez@example.net,42,858 Logan Harbor Suite 830,Indiana
643,Benjamin Ross,fadams@example.com,31,661 Jim Via Apt. 035,Maryland
644,Erika James,howardvirginia@example.com,37,70089 Matthew Island,Mississippi
645,Christopher Schmidt,rivaskimberly@example.com,42,1797 Dana Dale,Massachusetts
646,Mary Walls,hebertadam@example.net,33,12674 Laura Rapids,Missouri
647,Bobby Sexton,stephaniejacobs@example.com,35,5651 Richard Points Suite 508,Kentucky
648,Kenneth Hall,lindsaygardner@example.com,42,36700 Carpenter Tunnel,Arizona
649,John Rubio,bill93@example.net,40,1185 Ward Glen,Massachusetts
650,Diana Atkins,gutierrezdavid@example.com,30,000 Pamela Ways,Iowa
651,Dr. Matthew Thompson MD,tchase@example.com,37,8679 Kevin Mountains Suite 697,Kansas
652,Brian Jacobs,ruthrosales@example.net,44,734 Carter Motorway,Missouri
653,Jennifer Garrett,pruittjeremy@example.com,33,16282 Johnson Harbor Apt. 049,Mississippi
654,Katie Mills,williamwilliams@example.org,32,054 Russell Bypass Apt. 170,Kansas
655,Richard Dodson,myoung@example.net,35,3161 Ellis Place Apt. 620,Missouri
656,Pamela Mcknight,susanmendoza@example.org,43,10378 Cynthia Avenue,Arizona
657,Samantha Gonzales,eperry@example.org,39,058 Mary Passage Apt. 324,Illinois
658,Daniel Glenn MD,mpitts@example.com,26,7541 Young Ridge,Massachusetts
659,Lee Clark,aharris@example.org,30,9401 Huynh Village Apt. 821,Kansas
660,Charles Floyd DDS,victoriarojas@example.com,30,627 Anna Fork,Minnesota
661,Zachary Russell,dominguezmelissa@example.com,36,02098 Matthew Path Apt. 460,Louisiana
662,Isaac Barnes,jerry10@example.org,34,1924 Katie Orchard,Maryland
663,Dustin Crane,crystalhaynes@example.org,37,647 Michael Port,Minnesota
664,Daniel Martin,williamnelson@example.net,32,481 Daugherty Mountain,Arizona
665,Seth Evans,morozco@example.com,45,6891 Rodriguez Villages Apt. 491,Iowa
666,Melanie Dixon,angelawalters@example.net,41,65740 Fletcher Divide,Michigan
667,Daisy Guzman,matthew90@example.org,25,133 Sean Valleys,Kentucky
668,Angel Taylor,millermichael@example.net,31,580 Kristen Coves,Mississippi
669,Jacqueline Gonzalez,russellclayton@example.org,45,581 Douglas Landing,Michigan
670,Michael Howe,sabrinahatfield@example.org,32,469 Peter Loop Apt. 253,Indiana
671,Tracy Madden,brendan23@example.net,39,6588 Wade Forest Suite 098,Indiana
672,Melissa Anderson,bsimmons@example.net,31,4752 Mendez Isle,Maine
673,Vanessa Williams,ahopkins@example.net,27,930 Zamora Estate,Louisiana
674,Crystal Allen,sanderson@example.net,40,0015 Dennis Plain Suite 796,Missouri
675,Paige Neal,shannonjohn@example.org,42,335 Andrew Prairie,Arizona
676,Tyler Davis,michaelwarner@example.org,39,26668 Contreras Crescent,Iowa
677,Richard Norton,wdiaz@example.org,30,5458 Reese Square Apt. 452,Iowa
678,Anthony Perry,gardnerjames@example.org,44,28114 Miller Lights,Indiana
679,William Washington DDS,amandachavez@example.org,45,83769 Scott Ramp Apt. 245,Michigan
680,Christy Bailey,fdavis@example.com,25,9093 Scott Bridge Suite 505,Michigan
681,Jillian Tran,shannonemma@example.net,34,7962 Bruce Cove,Mississippi
682,Melinda Meyer,fmccarthy@example.org,41,931 Foster Pike,Mississippi
683,Travis Lawrence,colemanlaura@example.org,41,6943 Freeman Views Apt. 349,Kansas
684,Daniel Williams,briancastro@example.com,27,275 Henry Mission Apt. 323,Kentucky
685,Robert Pruitt,shill@example.org,27,8650 Harris Road,Maine
686,Darrell Allen,royrodriguez@example.net,34,23106 Gibson Plaza,Minnesota
687,Ronald Phelps,nmartin@example.net,43,183 Jose Points,Maryland
688,Kayla Armstrong,cooperbrenda@example.com,25,37162 Wolf Valleys Apt. 515,Mississippi
689,Laura Smith,twalker@example.org,40,83715 Kristen Circles,Iowa
690,Elizabeth Holmes,lbridges@example.org,39,2809 Webster Meadows,Mississippi
691,Cody Humphrey,benitezjacob@example.org,44,40258 Joseph Well Suite 052,Arizona
692,Amanda Washington,alisonkennedy@example.org,26,58704 Emily Rapid,Kentucky
693,Kelly Watson,edwardsdonna@example.org,36,100 Gregory Groves,Kansas
694,Sharon Guerrero,davidwatson@example.com,37,39823 Jesse Oval Apt. 578,Minnesota
695,Rebecca Dean,qcobb@example.com,45,926 Eric Spurs,Kansas
696,Robert Jackson,vasquezcaitlyn@example.net,27,06250 Mcdonald Course,Minnesota
697,Susan Thomas,christophercarpenter@example.org,28,290 Paula Manor Suite 054,Mississippi
698,Kristine Ryan,dwallace@example.org,32,86968 Morgan Cape Apt. 706,Iowa
699,Sean Copeland,jennifer85@example.org,28,47871 Mullen Manor,Minnesota
700,Kevin Kim,tbaker@example.net,38,047 Reginald Street,Kansas
701,Jennifer Lewis,olivia97@example.net,45,936 Michael Viaduct Suite 158,Kentucky
702,Ashley Nicholson DDS,calvinmitchell@example.org,29,98468 Brown Island Suite 865,Indiana
703,Austin Holland,imoore@example.com,25,2588 Gonzalez Freeway,Indiana
704,Melissa Lucero,thomasmorrow@example.com,30,105 Debra Underpass,Mississippi
705,Stephanie Sims,james08@example.net,45,853 Ann Island,Michigan
706,Kristi Suarez,tmarquez@example.com,26,72579 Deborah Common,Maine
707,Robin Hill,wilsonkaren@example.com,45,12315 Mcknight Estate Suite 111,Kansas
708,Crystal Brown,halltina@example.net,31,2941 Heather Glen,Michigan
709,Amy Mcgee,baxterjohn@example.com,32,88940 Lopez Island,Maine
710,Amber Cortez,shannon55@example.org,39,873 Horne Locks,Kansas
711,Kenneth Rosario,collierkathryn@example.org,43,629 Daniel Circle,Kentucky
712,Michaela Molina,stanleytyler@example.org,41,889 Sonia Passage Suite 479,Mississippi
713,Bradley Valdez,smithlisa@example.net,45,3628 Henderson Bridge Apt. 168,Indiana
714,Franklin Tapia,quinnkayla@example.org,33,96737 Ryan Walk,Kentucky
715,William Soto,kpowers@example.org,34,44396 Thomas Ferry,Arizona
716,Diana Johnson,wwest@example.net,26,07384 Jason Bridge,Arizona
717,Mary Jackson,ibarker@example.net,38,00021 Monroe Points Apt. 867,Louisiana
718,Sarah White,abaird@example.com,31,27967 Anderson Cove,Maine
719,Tammy Leonard,juliesnyder@example.com,29,826 Dennis Port,Maryland
720,Teresa Murray,jacquelinerobinson@example.net,40,09809 Brown Stravenue,Minnesota
721,Louis Rice,jhamilton@example.net,29,23305 Underwood Mill Suite 144,Maryland
722,Cathy George,acevedosharon@example.org,37,04883 Allen Via Suite 229,Massachusetts
723,Anthony Rivas,joshua82@example.net,28,8360 Joe Court,Minnesota
724,Mike Dominguez,jacqueline29@example.net,27,8361 Steven Station,Louisiana
725,Maurice Williams,karen67@example.org,32,58757 Adam Gateway,Minnesota
726,Anthony Waters,richardparker@example.net,35,409 Kelly Summit Apt. 430,Illinois
727,Christopher Campbell,mcdonaldvicki@example.org,29,480 Lindsey Prairie,Mississippi
728,Pamela Moss,kristin54@example.com,37,70525 Bryant Freeway,Arizona
729,Robert Sanchez,rsmith@example.net,32,2323 Anne Haven Suite 506,Illinois
730,Bonnie Brown,howardmark@example.net,35,5642 Brian Gardens Suite 354,Arizona
731,Kristie Sanders,dennisgardner@example.com,34,30099 Berger Pines Apt. 443,Maine
732,Michelle Davis,garciamarissa@example.org,44,03889 Maria Expressway,Indiana
733,Dawn Barajas,ashley26@example.org,35,55545 Harold Cliff Apt. 724,Kansas
734,Raymond Evans,wcamacho@example.com,35,5204 Collins Loop,Missouri
735,Nathan Rodriguez,fergusonsharon@example.org,36,74771 Mary Ford Suite 357,Kentucky
736,Jeffrey Mayer,allison17@example.net,45,7918 Samuel Burg Apt. 167,Kentucky
737,Michael Holden,stevensmith@example.org,41,2771 Deborah Gardens Apt. 022,Maine
738,Mark White,amykelly@example.org,31,68380 Gregory Ford Suite 662,Michigan
739,Shannon Knapp,ashleydavis@example.com,41,4618 Mary Flat,Kansas
740,Haley Willis,spencerkarl@example.org,37,156 Bridges Hill,Maine
741,Brian Garcia,brendahood@example.com,37,560 Jones Passage,Arizona
742,Scott Hebert,anthony12@example.com,33,71241 Lauren Rapid Apt. 666,Illinois
743,Joel Phillips,owensryan@example.org,41,5645 Burke Rue,Minnesota
744,Judy Mitchell,uwashington@example.net,40,1193 Mckinney Plain,Illinois
745,Amy Edwards,martinezkaren@example.net,37,006 Donna Ports Apt. 619,Arizona
746,Roger Wilson,gsullivan@example.com,39,2068 Lauren Plaza,Missouri
747,Dakota Mcknight,kaylaclark@example.com,34,56091 Ward Point,Kansas
748,Holly Mclaughlin,johnsonjason@example.net,31,0665 William View Suite 009,Kansas
749,Daniel Merritt,christina31@example.com,41,259 Brittany Manors,Iowa
750,Christine Ward,jon65@example.org,29,4054 Munoz Crossroad,Arizona
751,Brian Hall,alyssa30@example.net,42,2649 David Cliff,Missouri
752,Heather Reed,jason11@example.net,26,6117 Hardy Field Suite 803,Arizona
753,Stuart Ayala,mmartinez@example.org,42,8149 Dominguez Crossing Apt. 806,Kansas
754,Jacqueline Brown,jonesmarissa@example.com,36,4935 Bray Manor,Michigan
755,Joseph Leach,jessejohnson@example.org,40,6170 Hunter Ridge,Michigan
756,Michelle Garcia,sbailey@example.net,44,41332 Ashley Center Suite 476,Maine
757,Mary Patterson,ythomas@example.org,36,2706 Edwards Crossing Apt. 789,Arizona
758,Tina Gomez,pricerobert@example.net,27,348 Sandoval Dam Apt. 742,Massachusetts
759,Shelly Rivera,deborahfoster@example.org,31,6897 Cordova Keys,Iowa
760,Robin Morales,laurakhan@example.net,31,890 Williams Keys Suite 940,Kentucky
761,Jeffrey Morgan,chays@example.org,25,4180 Jared Summit Suite 705,Minnesota
762,Victoria Rodriguez,newtonsandra@example.org,41,2197 Mills Hill,Maryland
763,Monica Martin,donnaalexander@example.net,38,87792 Robert Oval Suite 111,Indiana
764,Briana Dunlap,kingdana@example.com,40,5272 Wagner Greens Apt. 254,Illinois
765,Jason Moore,lynnmonica@example.org,33,94367 Simon Circles,Illinois
766,Jennifer Lawson,pgomez@example.com,37,359 Juan Pines Suite 517,Iowa
767,Jacqueline Dennis DDS,robin20@example.net,43,69870 Bartlett Club Apt. 891,Mississippi
768,Morgan Henderson,adelacruz@example.org,33,540 Coffey Via Suite 302,Massachusetts
769,Danny Sellers,wbrown@example.org,25,743 Shepard Prairie Apt. 820,Mississippi
770,Michael Kim,coleerin@example.net,26,291 Powell Glens Suite 255,Maine
771,Paul Ramsey,lisawilliams@example.com,40,33777 Patel Coves,Kentucky
772,Andrea Schwartz,jonesalyssa@example.org,43,64702 Rich Flat,Kansas
773,Norma Pratt,tcurtis@example.org,43,9567 Booth Parks,Illinois
774,Sean Rose,kyle90@example.org,35,17641 Tony Plains Apt. 696,Missouri
775,Haley Lopez,cmccarthy@example.net,31,0061 Walsh River Suite 397,Minnesota
776,Allison Anderson,omoore@example.org,31,556 Nelson Islands,Mississippi
777,Kathleen Hall,cassandra87@example.org,35,933 Travis Dam,Maryland
778,Robert Wheeler,cgray@example.net,29,385 Nicholas Port,Missouri
779,Melissa Rice DDS,suzannebaker@example.org,35,818 Julia Land Apt. 848,Missouri
780,John Bowman,allen11@example.org,34,564 Green Center,Massachusetts
781,Brad Welch,jennifer43@example.org,43,149 Stein Stream Apt. 263,Arizona
782,Eric Benitez,lreid@example.org,27,763 Petersen Grove,Maine
783,Danielle Anderson,pgrant@example.org,29,40426 Trevor Islands Apt. 395,Indiana
784,Regina Martin,michaelmassey@example.net,36,617 Alexandra Stravenue,Illinois
785,Mr. Anthony Hoover,russellkristin@example.org,28,53973 Trevor Springs Apt. 328,Louisiana
786,Jose Moore,loretta77@example.net,32,06565 Casey Squares Suite 705,Minnesota
787,Mark Cruz,iroman@example.org,39,1634 Cruz Ports Suite 066,Massachusetts
788,Christopher Reyes,rodneyburns@example.com,37,135 Johnson Burg Suite 908,Indiana
789,Michael Yoder,katierodriguez@example.org,38,34397 Hamilton Rapid Apt. 560,Mississippi
790,Tammy Wolf,bradleyscott@example.net,42,8890 Miller Mountains,Illinois
791,Mr. Max Barber MD,austincharles@example.com,41,0749 Garcia Ports Apt. 988,Mississippi
792,Kayla Gibbs,gwerner@example.org,33,716 Swanson Ports,Illinois
793,Tyrone Norman,jose58@example.net,27,9816 Jacob Street Apt. 526,Massachusetts
794,Allison Noble,shermanbenjamin@example.net,38,43752 John Corners Suite 347,Maine
795,Ashley Phillips,dchristian@example.net,39,29643 Burke Skyway,Missouri
796,Charles Lyons,toniparsons@example.net,41,85712 Justin Villages,Indiana
797,Ryan Bowman,anthony64@example.com,38,9546 Webb Vista Apt. 188,Michigan
798,Mrs. Elizabeth Vaughn,ssmith@example.net,26,09288 Ryan Courts,Arizona
799,Jill Gonzalez,ashleyphillips@example.net,32,147 Flores Flat,Louisiana
800,Glenn Tran,rthomas@example.com,42,08807 Barnes Ferry,Kentucky
801,Diana Davis,chloe78@example.com,27,44020 Craig Wall,Louisiana
802,Roger Lynch,knicholson@example.org,26,908 Michele Forest,Illinois
803,Nicholas Garcia,stefanie15@example.org,28,643 Frey Mountains,Kentucky
804,William Smith,davisdonna@example.com,29,452 Jeanette Motorway Suite 371,Mississippi
805,Rachel Johnson,shellynelson@example.org,36,717 Ward Pine Suite 935,Mississippi
806,Joshua Hinton,rebeccamarks@example.net,29,650 Jo Via Suite 025,Minnesota
807,Michael Frost,mckaykimberly@example.net,41,37742 Rosales Estate,Kentucky
808,Bruce Best,gdavis@example.com,40,678 Hooper Drive,Iowa
809,Robert Griffin,jonathanhunt@example.org,40,233 Wheeler Ports Apt. 992,Iowa
810,Nicole Williamson,ecarter@example.org,31,293 Holly Alley Apt. 458,Massachusetts
811,Michael Flores,jennifernelson@example.org,39,9548 Allen Underpass,Missouri
812,Taylor Bailey,tina53@example.org,29,625 Alexander Avenue,Massachusetts
813,Laura Sanchez,lcook@example.net,44,692 Matthew Ferry Suite 353,Arizona
814,Susan Hunter,nbailey@example.com,29,820 Potter Underpass,Kansas
815,Russell Wright,williammartin@example.org,41,5936 Banks Mountain,Indiana
816,Nathan Bradley,manningkevin@example.net,37,0871 Jordan Dale Suite 853,Mississippi
817,William Jackson,jeremy90@example.org,44,27088 Johns Drive Apt. 981,Minnesota
818,Michael Acosta,arogers@example.org,27,969 Hanson Passage,Arizona
819,Bethany Ramos,jonesdaniel@example.org,30,77064 Santiago Street,Louisiana
820,Sandra Mendez,longwesley@example.com,38,0261 Roberts Turnpike,Maryland
821,Brittany Perez,bakerrobert@example.net,30,6839 Wright Station,Illinois
822,Chad Wilson,cynthia14@example.net,35,553 White Green,Louisiana
823,Christian Torres,lwilliams@example.net,29,05974 Christopher Village Suite 568,Missouri
824,Jenny Johnson,lindahartman@example.net,35,902 Rose Rue Apt. 689,Minnesota
825,Francisco Johnson,danieledwards@example.com,44,3850 Butler Squares,Louisiana
826,Kyle Riley,tannercolleen@example.com,28,6430 Daniel Summit Apt. 741,Arizona
827,Kyle Williams,christopher56@example.net,32,6561 Robinson Mill Apt. 231,Minnesota
828,Brian Freeman,katherineraymond@example.net,37,1511 Cordova Pine Suite 913,Minnesota
829,Jennifer Hanson,nknight@example.com,43,96785 Goodman Camp,Massachusetts
830,Jeremy Garcia,iholmes@example.com,36,17016 Sharp Inlet Apt. 992,Michigan
831,Michelle Lester,wwilson@example.net,42,757 Daniel Shoal,Louisiana
832,Destiny Jones,robertmcdaniel@example.org,26,45496 Matthew Cliffs Apt. 038,Kentucky
833,Robert Franklin,navarrokrystal@example.net,26,5713 Herman Square Suite 047,Missouri
834,Donna King,nmurphy@example.com,41,734 Serrano Islands Apt. 089,Mississippi
835,Christopher Reynolds,vcole@example.org,42,275 Gonzalez Spring,Kentucky
836,Stephanie Grimes,csmith@example.com,39,215 Rivas Dam Apt. 267,Maryland
837,Haley Pacheco,wadegabrielle@example.org,31,2385 Sherman Turnpike Suite 284,Missouri
838,Chad Barnes,lorisims@example.com,33,993 Matthew Isle,Maryland
839,Charles Rodriguez,shawn19@example.org,28,840 Michael Fields,Massachusetts
840,Ronald Smith,jeffreyharris@example.net,40,7020 Roth Plaza,Massachusetts
841,Tony Hull,lraymond@example.net,37,756 Linda Station Suite 464,Kentucky
842,Meghan Escobar,josephwilliams@example.org,36,69886 Henry Park,Louisiana
843,Brenda Valencia,derrickanderson@example.net,33,1843 Jennifer Parks,Maine
844,Brian Brown,jacobpena@example.com,31,6381 Coleman Via,Kentucky
845,Melody Snyder,garciamichaela@example.net,30,30995 Smith Street,Maine
846,Dawn Drake,dustinmurphy@example.net,45,573 Jacob Meadow Apt. 102,Illinois
847,Travis Jones,anthonyadams@example.org,35,37268 Kristin Curve,Minnesota
848,Lisa Downs,lisajackson@example.net,43,98090 Watson Parkways Suite 450,Iowa
849,Stephanie Lewis,wrightdavid@example.org,31,763 Jermaine Isle Apt. 598,Louisiana
850,David Johnson,joynunez@example.com,38,55465 Robyn Street,Minnesota
851,Kevin Smith,clogan@example.com,31,3428 Williams Prairie,Arizona
852,Justin Henry,richard01@example.org,44,2424 Smith Valley Suite 304,Michigan
853,Dr. Stacy Simmons,garciamatthew@example.org,26,514 Ramirez Spur Suite 090,Kansas
854,Heather Rice,pereztroy@example.com,41,635 Barnes Plains Suite 058,Kansas
855,John Parrish,gonzalezmisty@example.net,31,814 Diaz Forks Suite 336,Indiana
856,Jennifer Tapia,karakirk@example.com,43,6468 Rodriguez Cove,Maryland
857,Richard Cox,jamiekerr@example.org,35,214 Matthew Bypass Suite 752,Missouri
858,Francis Hobbs,joseph12@example.com,36,2293 Lisa Place,Mississippi
859,Patrick Perkins,gina85@example.net,27,4942 Thompson Plaza Apt. 640,Illinois
860,Donald Carr,xthomas@example.net,45,31062 Trevino Green,Mississippi
861,Laura Riley,nelsondaniel@example.com,38,965 Waters Greens Apt. 732,Missouri
862,Daniel Conrad,morrisstephanie@example.net,27,766 Joseph Village,Maryland
863,Ms. Chelsea Martinez,ashley71@example.org,38,51397 Christopher Inlet,Kentucky
864,Bryan Peterson,marco19@example.com,31,76446 Douglas Ferry,Kentucky
865,Teresa Alvarado,lindamiller@example.org,26,20279 Buck Avenue Suite 245,Louisiana
866,Charles Ramsey Jr.,charles05@example.com,30,74250 Autumn Union Suite 958,Indiana
867,Judy Smith,billy37@example.com,36,426 Garrett Walk,Louisiana
868,Matthew Wolf,julie95@example.net,38,603 Cannon Ridges,Michigan
869,Jamie Morgan,qbarnett@example.net,42,76534 Michelle Lake Apt. 912,Maine
870,Brian Goodwin,jameshendricks@example.com,25,433 Patton Coves Apt. 609,Maryland
871,Christopher Taylor,kathleenfaulkner@example.net,44,813 Martin Fort Suite 214,Maine
872,Brian Ramos,michelle49@example.org,26,533 Kaiser Throughway Apt. 572,Minnesota
873,Nicholas Villanueva,parkermark@example.com,37,7359 Olson Locks Suite 523,Arizona
874,Christopher Choi,curtisayers@example.net,25,34368 Vincent Rapids Suite 105,Minnesota
875,Leah Dickson,rachelbryant@example.org,35,157 Montoya Coves Apt. 486,Iowa
876,Curtis Wilson,greenkelly@example.org,30,085 Kim Ways Suite 720,Kentucky
877,Maria House,cindy00@example.com,42,478 Jim Street Suite 312,Indiana
878,John Vasquez IV,glandry@example.org,40,0088 George Center Apt. 056,Maryland
879,Nathaniel Rose,yatesbethany@example.com,36,1738 Tammy Islands,Minnesota
880,Jack Williams,ryancastillo@example.net,44,8317 Pierce Gateway,Michigan
881,Shelby Riddle,danielshaw@example.org,37,547 English Park,Iowa
882,Kara Hamilton,jschneider@example.net,31,65151 Benjamin Tunnel Apt. 884,Minnesota
883,Shannon Barajas,benjamin48@example.net,28,06256 Christine Club,Indiana
884,Chloe Underwood,dthomas@example.org,45,800 Matthew Walks,Massachusetts
885,Holly Dillon,brittany26@example.com,29,8772 Michelle Stravenue,Maryland
886,Charles Garcia,chanandrew@example.org,28,497 Tracey Vista,Arizona
887,Erin Simmons,amygarcia@example.com,25,4636 Cox Canyon Apt. 035,Kansas
888,Courtney Jones,mcgeecameron@example.org,29,886 Kyle Fall,Michigan
889,Zachary Martinez,rachel84@example.com,39,1199 Moreno Lodge Suite 340,Arizona
890,Christopher Christensen,kwillis@example.org,27,68309 Jackson Hills,Kansas
891,Jamie Bennett,shirleyblack@example.net,29,831 Henry Hills,Missouri
892,Katherine Williams,rojasjessica@example.net,29,072 Darlene Glen Apt. 627,Iowa
893,Morgan Morse,johnhenry@example.org,34,577 Mooney Spur,Louisiana
894,Jason Hayes,joshua69@example.com,44,8667 Swanson Street,Missouri
895,Frank Melton,kathleen09@example.net,27,01679 George Cliffs Apt. 558,Illinois
896,Terri Ramirez,wgarcia@example.com,42,43823 Mark Forest Suite 903,Massachusetts
897,Ronald Garcia,jsharp@example.com,33,2839 Jones Mission Apt. 719,Kansas
898,Jimmy Walker,pvalencia@example.net,35,063 Gordon Parkways,Missouri
899,Jonathan Hall,nealemma@example.com,29,6761 Thomas View Apt. 802,Kentucky
900,Charles Gray,williamcooper@example.com,44,86933 Nelson Causeway,Kansas
901,Paige Allen,nelsonrobert@example.org,38,351 Rose Island,Minnesota
902,Christine Dickerson,kruiz@example.com,26,486 Robertson Fall,Missouri
903,Amanda Gray,silvatodd@example.net,28,43338 Nelson Views Apt. 533,Michigan
904,Michael Ellison,josephjones@example.net,38,85080 Sellers Vista Suite 105,Iowa
905,Samantha Skinner,antonio84@example.com,29,433 Joseph Forest,Maryland
906,William Ward,ssutton@example.org,27,844 Daugherty Inlet,Iowa
907,Michele Lopez,aliciaharris@example.com,33,0114 Miller Freeway,Missouri
908,Mr. Brent Perkins,webbkenneth@example.org,25,67802 Blair Plains Apt. 164,Michigan
909,Jillian Cook,longcathy@example.com,28,91486 Hayley Drive Apt. 186,Louisiana
910,Kyle Jones,andrewparks@example.org,33,79989 Lisa Haven Apt. 015,Arizona
911,Stanley Dudley,lauravelasquez@example.org,30,717 Lisa Unions Apt. 564,Mississippi
912,David Caldwell,melissataylor@example.com,43,1758 Anna Mission Suite 027,Missouri
913,Kristine Cortez,amandareed@example.net,42,4870 Heather Court,Maine
914,James Martin,michaelcordova@example.org,32,211 Contreras Passage,Indiana
915,Ronald Landry,veronicasmith@example.com,33,08312 Thomas Oval Suite 268,Mississippi
916,Zachary Coleman,kristina78@example.net,40,911 Kyle Square Apt. 020,Iowa
917,Kathleen Johnson,alexander59@example.com,42,983 Brandon Islands Suite 745,Kentucky
918,Stephen Cummings,iguzman@example.org,42,66862 Michelle Run,Mississippi
919,Christopher Stone,garciaangela@example.net,31,922 William Passage,Missouri
920,Julia Benson,matthewalexander@example.net,34,41931 Alejandro Stream Suite 899,Minnesota
921,Danielle Thornton,coreyrodriguez@example.com,32,063 Martinez Burgs Suite 520,Illinois
922,Michelle Morgan,bobbyelliott@example.net,34,4575 Christopher Pike,Michigan
923,Paul Merritt,wilkersonjennifer@example.net,42,598 Fred Center Apt. 859,Indiana
924,Peggy Green,wroth@example.com,40,360 Kathleen Spring,Mississippi
925,Heather Ramirez,natasha43@example.com,31,6453 Hammond Prairie Apt. 916,Iowa
926,Kayla York,trevor63@example.com,25,049 Cathy Cove,Maine
927,Tyler Le,christopherbaker@example.org,34,9751 Erica Mountain Apt. 965,Missouri
928,Joe Stephenson,lydiabowman@example.org,39,942 Gardner Shoals Apt. 415,Illinois
929,John Johnson,cmiranda@example.com,45,6397 Santiago Points Suite 394,Massachusetts
930,Tammy Mathews,acolon@example.org,40,460 Valdez Views,Massachusetts
931,Michael Schultz,cristinalopez@example.org,37,033 Herrera Ports,Kentucky
932,Daniel Moran,mhale@example.org,29,3322 Cheryl Springs,Indiana
933,Justin Acosta,andrewtaylor@example.org,39,048 Harris Loaf Apt. 617,Kansas
934,Jacob Johnson,jessicamiller@example.com,26,7595 Hall Knoll Suite 024,Kansas
935,Natalie Flores,jamie54@example.org,43,7418 Mahoney Expressway,Kentucky
936,Charles Harding,jonathanzuniga@example.org,37,28763 Carr Keys Suite 548,Maine
937,Ronnie Ruiz,kayla97@example.com,27,1437 Tammy Lodge Apt. 527,Kansas
938,Laura Taylor,rmassey@example.com,42,873 Melissa Valley Apt. 194,Iowa
939,Henry Montgomery,iharmon@example.org,37,52060 Bell Villages,Massachusetts
940,Natasha Hester,hillnoah@example.com,35,58783 James Mountain,Mississippi
941,Jacqueline Cochran,heatherpowers@example.com,29,41770 Marcus Keys,Iowa
942,Martin Robbins,shawn60@example.org,34,06294 Anderson Cliff,Michigan
943,Jose Rich,uchan@example.com,38,1764 James Canyon,Minnesota
944,Norma Robertson,frichards@example.net,26,92986 Christy Views Suite 077,Kentucky
945,Chase Edwards,jacobjenkins@example.com,26,498 Padilla Streets Suite 298,Mississippi
946,Duane Pena,espinozavalerie@example.com,40,2258 Corey Estates,Iowa
947,Robert Bush,chelsea20@example.net,25,292 Leah Fork Suite 337,Kansas
948,Zachary Parks,robertrussell@example.net,36,397 Calhoun Plains Suite 376,Mississippi
949,Daniel Carter,asolis@example.org,29,88320 Diaz Ridge,Louisiana
950,Michael Gibbs,jonesaaron@example.org,40,22163 Vanessa Junction Suite 291,Illinois
951,Ann Chapman,pedrorichards@example.com,41,4195 Evans Shoal,Minnesota
952,Alicia Leonard,mark51@example.net,43,931 Taylor River Suite 655,Kentucky
953,David Mcdaniel,zwong@example.org,41,9206 Edwards Pines Apt. 884,Louisiana
954,Anita Harvey,yatesemily@example.net,31,8971 Munoz Groves,Indiana
955,Alejandra Ellison,sotoangela@example.org,41,1312 William Bypass,Iowa
956,Chad Avila,perkinselizabeth@example.org,30,01443 Alicia Stravenue,Kentucky
957,Alan Klein,hahnjanice@example.net,29,4956 Alicia Camp,Minnesota
958,Daniel Ross,cpeters@example.org,39,95165 Lauren Wall Suite 815,Missouri
959,Todd Cantu,candace10@example.com,31,92369 Stephanie Course Apt. 050,Maine
960,Michael Watkins,xbrown@example.org,43,17392 Ross Forge Apt. 716,Minnesota
961,Dr. Richard Chase DDS,john67@example.org,26,9159 Randall Union Suite 068,Maine
962,April Mejia,marissamay@example.org,34,130 Aimee Falls,Indiana
963,Julie Byrd,fmurphy@example.com,40,925 Craig Freeway,Maryland
964,Sabrina Peck,thomas61@example.org,25,51055 Justin Spurs Suite 149,Iowa
965,Charlene Long,sandovallisa@example.com,31,6215 Catherine Wells Apt. 945,Louisiana
966,Kristi Franklin DDS,gibarra@example.com,41,500 Steven Common,Michigan
967,Sophia Rogers,brookesmith@example.com,34,181 Jackson Track Apt. 477,Kansas
968,Kristina Palmer,wigginschelsea@example.net,39,987 Cheryl Squares,Indiana
969,Shawn Robinson,krobinson@example.com,28,2510 Elizabeth Causeway Suite 275,Missouri
970,Kimberly Brooks,michael36@example.org,38,6866 Gomez Court Suite 906,Michigan
971,Justin Stone,carlagonzales@example.org,44,63675 Petersen Villages Suite 170,Indiana
972,Rebecca Hamilton,uwilson@example.com,32,881 Scott Crossing,Mississippi
973,Shannon Oconnor,cobbabigail@example.net,34,3925 Shawn Groves Apt. 301,Louisiana
974,Melissa Perry,ashley27@example.com,44,001 Freeman Fords,Illinois
975,Shirley Young,yherman@example.org,43,15516 Jennifer Square Suite 824,Illinois
976,Christopher Brown,lgordon@example.org,39,923 Hailey Lock,Maine
977,Robert Foster,kenneth42@example.org,36,307 Larry Burg,Missouri
978,Daniel Nguyen,ashleygonzalez@example.com,44,893 Henderson Trail Suite 861,Michigan
979,Daniel Garza,jessedaugherty@example.net,34,4092 Ronald Stream,Kansas
980,Cheryl Cline,hsmith@example.org,34,09594 Felicia Views Suite 137,Kansas
981,Ricky Sims,jessica70@example.com,37,5061 Harris Terrace Apt. 366,Missouri
982,Shannon Stewart,mckayshannon@example.org,44,063 Alisha Pine Apt. 396,Kansas
983,Kathleen Finley,crawfordraymond@example.com,29,7748 Amy Isle Apt. 268,Iowa
984,Jasmine Baker,allen91@example.com,31,1399 Brian Junction,Indiana
985,Heather Fuller,daniellemoore@example.org,43,92079 Mullins Lodge Apt. 771,Louisiana
986,Richard Mcdonald,saramejia@example.com,33,945 Gonzales Ferry,Iowa
987,Paige Jones,ogilbert@example.com,27,22083 Bell Glens,Missouri
988,Christopher Ward,perezkenneth@example.com,37,396 Ryan Fields Suite 735,Iowa
989,Jeremy Stewart,howen@example.com,29,640 Phelps Road,Maryland
990,Thomas Orr,aprilcaldwell@example.org,31,859 Laura Passage,Missouri
991,Benjamin Durham,eric60@example.com,42,3094 Monica Villages,Illinois
992,Richard Ball,williamsaaron@example.com,38,998 Jonathan Forge,Illinois
993,Laura Robles,browncharles@example.org,28,25920 Johnson Tunnel,Michigan
994,Jose Garcia,andrewtaylor@example.com,26,8477 Garner Place,Kansas
995,Michael Campbell,petersonsteven@example.com,42,56060 Erickson Row,Kentucky
996,Tanner Mills,amy33@example.org,29,67189 Heather Parks Apt. 038,Iowa
997,James Horn,lynnkristi@example.org,43,944 David Drives,Kentucky
998,Brian Houston,barrettdavid@example.com,36,972 Johnson Flat,Indiana
999,Stephen Robinson,abrown@example.org,45,80417 Stewart View,Missouri
