GuestID,FullName,Email,Age,Address,State
0,Heather Wilson,cruzsarah@example.com,39,9962 Thomas Courts,Mississippi
1,Mr. Kyle Cox,sara23@example.org,45,388 Reyes Plaza,Iowa
2,Susan Todd,christopher91@example.org,29,2305 John Parks,Mississippi
3,Emily Williams,frances97@example.org,26,3053 Michael Unions Apt. 827,Iowa
4,Ann Mack,butleromar@example.org,27,28430 Kyle Crossing,Missouri
5,Caitlin Lucas,michael28@example.org,28,779 Henderson Parkways Suite 479,Illinois
6,Christina Brock,matthewrose@example.org,31,4673 Amy Crescent Apt. 435,Indiana
7,Crystal Young,wigginsann@example.net,44,93214 Ricky Extension,Kentucky
8,Danielle Hughes,cperez@example.net,44,43459 Gutierrez Parkways Suite 329,Louisiana
9,Angela Woods,victoriaskinner@example.org,30,757 Zachary Meadows,Indiana
10,Johnny Welch,johnwalters@example.org,38,08678 William Crossroad,Michigan
11,Eric Orr,annawalsh@example.org,27,29487 Wiley Expressway Suite 019,Minnesota
12,Shelby Lucas,butlervalerie@example.net,27,69470 Perez Junction Suite 317,Kentucky
13,James Miller,stafforddawn@example.net,36,6982 Kimberly Park Suite 228,Kansas
14,Erin Foster,vcompton@example.org,44,6094 Collins Squares,Indiana
15,Holly Schwartz,kellylyons@example.net,33,744 Ponce Drive Apt. 767,Illinois
16,Darlene Woods,coleflores@example.net,27,3886 Adams Pine Apt. 110,Kansas
17,Tina Wilson,lynn92@example.com,45,52426 Keller Tunnel Apt. 359,Arizona
18,Eric Schneider,donaldmacias@example.com,25,2984 Lisa Summit,Mississippi
19,Paul Baker,qmarshall@example.net,35,536 Jackson Crossing Suite 842,Indiana
20,Dr. Michelle Scott,dustinfields@example.com,33,5180 Lawrence Trafficway,Indiana
21,Debra Ford,zhill@example.com,26,55975 Brian Overpass Apt. 711,Maryland
22,Emily Cordova,rbartlett@example.org,27,321 Clinton Forks,Mississippi
23,Joseph Wong,hillbianca@example.com,36,8201 Norris Crossing,Kansas
24,Jeremy Patterson,yhansen@example.com,42,38807 Shannon Stream,Indiana
25,Rachael Mora,angela35@example.org,37,730 Daniel Trace Suite 271,Michigan
26,David Hopkins,cody72@example.org,40,499 Adam Flat Suite 899,Missouri
27,Stephanie Charles,amy48@example.net,26,8148 Mclean Branch,Arizona
28,Anna Miller,devonpacheco@example.com,32,85969 Stephenson Loop Apt. 291,Missouri
29,Mary Hernandez,tsimmons@example.org,43,671 Austin Springs Suite 214,Indiana
30,Traci Torres,carterjamie@example.org,34,38095 Robles Hills Suite 470,Maine
31,Timothy Smith,palmercaitlin@example.org,32,9288 Schroeder Bypass Suite 961,Mississippi
32,Jason Blake,joseflores@example.net,36,356 Adams Key,Iowa
33,Matthew Grant,meltonpaula@example.net,45,5606 Lawrence Inlet Suite 230,Louisiana
34,Rachel Valdez,leroy69@example.org,39,4318 Karen Island,Arizona
35,Donna Mckinney,igolden@example.org,38,7268 Amanda Glen,Illinois
36,Mark Davidson,karl56@example.net,41,7623 Deborah Lock Apt. 753,Arizona
37,Nathaniel Freeman PhD,jesus93@example.net,25,08401 Bender Brook Apt. 760,Indiana
38,Bobby Patel,myoung@example.com,44,46649 Hernandez Pike Apt. 352,Maryland
39,Elizabeth Jackson,james12@example.net,42,726 Lauren Place,Kentucky
40,Heather Morris,marciahill@example.net,43,725 Nicole Grove Apt. 329,Indiana
41,Taylor Salazar,kylephelps@example.com,31,13921 Thomas Forks Suite 335,Illinois
42,Jonathon Norris,billynunez@example.org,30,084 Rogers Villages Apt. 204,Indiana
43,Elizabeth Lara,ogomez@example.org,27,36837 David Skyway,Michigan
44,Marvin Andrade,jacob78@example.com,28,62433 Kristen Mountain Suite 175,Missouri
45,Peter Holt,allison98@example.org,37,230 Mack Extension,Indiana
46,Miranda Williamson,abrown@example.com,32,228 Jose Brooks Suite 616,Louisiana
47,Lucas Murray,rpeters@example.net,27,0121 Park Drive,Kansas
48,David Hunter,sarahlopez@example.net,39,8736 Webb Alley Suite 062,Maine
49,Jamie Alvarado,webbshawn@example.com,25,534 Nelson Gardens Apt. 723,Michigan
50,Christopher Oconnell,melissanelson@example.net,31,5723 Sims Mill Apt. 148,Michigan
51,Ashley Turner,williamsolivia@example.net,29,244 Benjamin Orchard,Louisiana
52,John Sullivan,cperez@example.org,33,6625 Gill Estates Apt. 485,Missouri
53,Linda Paul,timbrown@example.org,39,7852 Moody Garden Apt. 981,Minnesota
54,David Gomez,christopherchavez@example.com,36,96019 Tiffany Meadow Suite 350,Kansas
55,Christine Knox,ghudson@example.org,42,415 Mariah Shoals Apt. 004,Kentucky
56,Melissa Morse,joel99@example.net,45,81834 Gloria Crossroad,Iowa
57,Brandon Johnson,jhernandez@example.org,25,0971 Jeanette Ridge,Kentucky
58,Hannah Rivera,jillanderson@example.org,36,81423 William Hollow,Indiana
59,Dawn Schwartz,ssnow@example.net,42,389 John Spring Apt. 472,Kansas
60,Maria Moreno,rachelbaird@example.net,43,122 Collins Mountains,Maryland
61,Eileen Rodriguez,toddjames@example.org,45,290 Jessica Expressway,Michigan
62,Pamela Carter,ybradford@example.com,30,516 Smith Cape,Mississippi
63,Francisco Ellis,kpalmer@example.org,27,40355 Tamara Skyway,Indiana
64,Jeffrey Christensen,stonebobby@example.net,29,8102 Holmes Circle Suite 302,Indiana
65,Larry Ramos,mark92@example.net,25,537 Henderson Turnpike,Arizona
66,Jennifer French,meganallen@example.com,25,984 William Greens Suite 435,Indiana
67,Morgan Ferguson,jacob76@example.org,28,90737 Kurt Wall,Massachusetts
68,Sean Mayer,ujones@example.org,39,36727 Jordan Freeway,Kentucky
69,Molly Mcgee,bfloyd@example.org,30,299 Rodriguez Underpass Suite 730,Louisiana
70,Michael Lynch,richshannon@example.com,40,68808 Williams Valleys Suite 029,Illinois
71,Beverly Boyd,kimberly45@example.com,29,67922 Vincent Circles,Indiana
72,Katie Reyes,kcrosby@example.com,34,733 Fernandez Divide Suite 142,Massachusetts
73,Mary Smith,richardlawrence@example.org,28,287 Howard Valleys Apt. 950,Michigan
74,Jeffery Washington,deborahhammond@example.com,34,95749 Thomas Haven Suite 430,Michigan
75,Brent Suarez,kevinmcfarland@example.net,43,9907 Nathan Station Apt. 905,Maine
76,Louis Bailey,danielwilliams@example.net,36,4014 Byrd Views Suite 624,Massachusetts
77,Matthew Morrow,bushjames@example.com,45,01575 Hansen Junction,Arizona
78,Johnathan Bond,katie43@example.com,42,39922 Ryan Coves,Missouri
79,Ricardo Spencer,jonathan60@example.org,27,4137 Brown Route,Kansas
80,Timothy Williams,mdyer@example.net,35,814 David Shoal,Arizona
81,Keith Ward,thompsongreg@example.net,28,971 Hinton Mission Apt. 021,Michigan
82,Paula Hill,zwright@example.org,27,3961 Garcia Stream Suite 600,Massachusetts
83,Mark Terry,forbeslaura@example.net,44,08634 Cameron Locks Suite 530,Arizona
84,Mary Chang,dwayne02@example.net,45,2297 Gonzalez Hollow Suite 371,Kansas
85,William Mays,smithanthony@example.org,30,4931 Cory Harbor Apt. 542,Indiana
86,Pedro Reilly,patriciaball@example.net,39,06051 Molly Prairie Suite 570,Iowa
87,Hannah Clark,zthompson@example.org,30,734 Harrison Freeway,Minnesota
88,Terry Sullivan,mjones@example.org,30,9803 Isaac Falls,Iowa
89,Joshua Martinez,heidisutton@example.org,35,646 John Ways Suite 444,Minnesota
90,Cameron Harris,chapmankenneth@example.net,44,2476 Bishop Brook,Minnesota
91,Autumn Barnes,lewiskaren@example.org,41,59242 Brown Squares Apt. 442,Indiana
92,Heather Anderson,angela56@example.com,42,0361 Stephens Mission,Arizona
93,Crystal May,perryjamie@example.org,25,5022 Hicks Lock,Minnesota
94,Karen Stewart,jennifer46@example.com,25,23408 Davis Park,Maryland
95,Derek Johnson,aallen@example.com,44,7186 Cheryl Shoals,Arizona
96,Dr. Stacy Lara MD,victoria21@example.com,34,880 Adam Common,Kentucky
97,Andrew Castillo PhD,xguerrero@example.org,42,584 Leblanc Square,Arizona
98,James Proctor,katie75@example.org,38,56629 Jacob Club,Illinois
99,Tyler Davis,dtucker@example.org,44,3927 Miller Orchard,Minnesota
100,Jay Green,thomassampson@example.net,40,3513 Johnson Brooks,Indiana
101,Jennifer Rodriguez,shane84@example.com,26,24557 Ortiz Fall,Maryland
102,Cynthia Flores,tanner90@example.net,25,636 Brent Estates Apt. 829,Michigan
103,Stacy Hamilton,james76@example.org,28,245 Anthony Mall Suite 329,Massachusetts
104,Eric Hardy,stephanieallen@example.com,25,98161 Smith Port Suite 725,Massachusetts
105,Gary Hall,bernard64@example.org,25,71415 Burns Ranch,Indiana
106,Leonard Estes,elizabethdiaz@example.net,34,131 Megan Plains Suite 404,Arizona
107,Mrs. Maria Hart,ubrooks@example.net,27,8591 Joyce Junction Suite 008,Louisiana
108,Samuel Bernard,cory05@example.com,26,53779 Nguyen Gardens Suite 360,Massachusetts
109,Justin Chen,reneeberger@example.com,44,68956 Jones Forge,Maine
110,Jonathan Gilbert,allenlaura@example.org,31,39627 Cindy Keys,Massachusetts
111,Brianna Drake,cburnett@example.com,43,49632 Nicole Court Apt. 952,Maine
112,Brenda Richard,mariagarcia@example.org,28,40834 Peggy Track Suite 525,Iowa
113,Marissa Hansen,cunninghamdonna@example.org,28,270 Gregory Flat,Kansas
114,Shawn Thornton,samantha26@example.org,29,891 Davis Gateway Suite 315,Arizona
115,Erika Weber,jennytran@example.com,45,4692 Arroyo Ford Apt. 879,Missouri
116,Glenn Butler,jennifer22@example.com,28,88351 Michelle Brook,Minnesota
117,Teresa Fisher,richardgates@example.org,42,35134 Travis Route Apt. 407,Mississippi
118,Daniel Johnson,lauren98@example.net,26,3027 Ashley Mills,Maine
119,Daniel Mason,idavis@example.net,41,1019 Fields Port Apt. 109,Kansas
120,Andrew Anderson,robin60@example.com,39,66915 Thompson Roads Apt. 878,Mississippi
121,Kristina Vaughan,webbraven@example.net,33,39242 James Path,Maryland
122,Mark Martinez,richardmiller@example.org,28,296 David Ports Apt. 132,Illinois
123,Ryan Wood,justin68@example.com,39,3632 Erik Ports,Illinois
124,Judy Briggs,ydaniel@example.net,40,07273 Thomas Underpass,Illinois
125,Ashley Dennis,schaefernicole@example.net,41,5824 Henson Ways,Minnesota
126,Nancy Gray,scottkristen@example.com,33,438 Williams Ford Suite 977,Iowa
127,Elizabeth Chavez,montgomeryjoseph@example.net,35,02702 Johnson Path,Louisiana
128,Gwendolyn Soto,jasminenunez@example.org,30,9778 Jensen Via,Arizona
129,Amanda Petersen,jimmythompson@example.org,42,349 Frank Court,Arizona
130,Richard Allen,sholmes@example.net,40,771 Lyons Dam,Maryland
131,Kimberly Flores,meaganhiggins@example.net,44,945 Lisa Overpass,Indiana
132,Courtney Floyd,millerdavid@example.net,29,4802 Johnson Ports,Minnesota
133,Scott Reed,jackie44@example.net,39,71920 Newton Tunnel Apt. 453,Maine
134,Christian Wade,markhorne@example.org,39,5480 Perez Shores Apt. 192,Michigan
135,Daniel Robinson,janet57@example.org,43,8544 Smith Mountain,Maryland
136,Catherine White,pmejia@example.net,44,506 Kathryn Circle,Maryland
137,Sarah Johns,vroth@example.com,26,3994 Richard Land,Minnesota
138,Kelly Paul,michael95@example.com,33,1388 Brian Skyway,Minnesota
139,John Campbell,allison91@example.com,27,047 Tyler Trace Suite 992,Indiana
140,Michael Clark,townsendandrew@example.org,29,3592 Nicholas Points Suite 803,Kansas
141,Janice Kelley,gaguilar@example.org,32,8691 Melissa Rue Suite 959,Massachusetts
142,Julia Arellano,avazquez@example.com,43,4266 Long Circle Apt. 596,Illinois
143,David Leblanc,jordan63@example.org,25,63954 Krystal Overpass,Massachusetts
144,Joseph Johnson,stewartjoseph@example.org,28,741 Anita Courts,Indiana
145,Katherine Horton,pennygarcia@example.net,34,1156 Wilson Parks Apt. 111,Iowa
146,Shane Taylor,bryanmeyers@example.com,37,909 Gonzalez Knolls,Louisiana
147,Cassandra Stone,robertscody@example.net,36,570 Susan Forges,Illinois
148,Juan Glenn,duranerika@example.net,36,099 Denise Inlet Suite 587,Illinois
149,Randy Graves,ricecrystal@example.org,45,34581 Brooks Union Apt. 269,Arizona
150,Joanna Scott,jeremymckee@example.com,44,01725 Joseph Gardens Suite 429,Missouri
151,Manuel Austin,rachel98@example.net,40,945 Cameron Fork,Arizona
152,Luis Robertson,tommyberger@example.com,44,744 Randall Landing,Illinois
153,Jason Crawford,wwebster@example.org,43,797 Martinez Bypass Suite 140,Illinois
154,Stacey Johnson,jennifer82@example.org,40,5738 Ward Mount,Indiana
155,Ronald Gaines,tmendoza@example.org,38,782 Mccall Stravenue Apt. 048,Iowa
156,Kim Baker,christopherdavidson@example.net,40,738 Kane Mountain Apt. 785,Maine
157,Victor Richards DDS,michaelwashington@example.org,29,96139 Serrano Drive,Kentucky
158,Barbara Johnson,hodgeandrew@example.org,32,2477 Suzanne Mall Apt. 752,Kentucky
159,Amanda Miller,erinvaldez@example.org,30,71954 Horn Ranch Suite 663,Indiana
160,Elizabeth Stanley,clayton10@example.com,35,2474 Anthony Street,Maine
161,Angela Walker,joshua23@example.org,43,9294 Jones Corner,Massachusetts
162,Diana Middleton,pruittcody@example.net,41,238 Collins Ports Suite 099,Missouri
163,Kevin Larsen,stacygaines@example.net,35,403 Chloe Via Apt. 185,Minnesota
164,Jose Simmons,laura04@example.net,32,074 Velazquez Park,Michigan
165,Candace Harmon,timothymedina@example.org,36,73730 Kimberly Valley Suite 719,Kentucky
166,John Williams,ilam@example.net,29,904 Reyes Keys,Kansas
167,Kim Perez,kristacole@example.org,26,5880 Stacy Islands Apt. 561,Michigan
168,Sara Bell,qtanner@example.net,26,19646 David Island,Indiana
169,Stephanie Jimenez,jasonsalazar@example.org,34,0879 Erica Orchard,Massachusetts
170,Amber Glass,opittman@example.net,34,74879 Bass Trafficway,Maryland
171,Michelle Collins,christopher49@example.org,45,7318 Blake Passage,Kentucky
172,Frances Haley,julienorris@example.net,36,3145 Christina Islands Apt. 173,Illinois
173,Steven Gonzalez,zgarcia@example.net,33,200 Joseph Dam,Arizona
174,Katrina Sanders,jorgepadilla@example.org,36,50672 Hendricks Fields,Maryland
175,Mario Coleman,michael80@example.org,36,8362 Suzanne Fields Apt. 530,Mississippi
176,Kevin Vargas,virginiasteele@example.net,34,5248 Garcia Park,Illinois
177,Ethan Page,rebeccaball@example.org,25,3027 Garcia Plaza Apt. 814,Massachusetts
178,Aaron Wright,esmith@example.net,39,981 Hill Curve,Louisiana
179,David Huynh,julian04@example.org,41,170 Dunlap Tunnel Suite 377,Illinois
180,Lisa Underwood,rodriguezangela@example.org,25,360 Cindy Curve,Maryland
181,William Gibson,heidi13@example.net,40,385 Colleen Summit Suite 210,Massachusetts
182,Richard Macdonald,christopher60@example.org,29,536 Jacqueline Passage Suite 857,Maine
183,Ronald Lee,toddruiz@example.net,28,26178 Jennifer Summit Suite 931,Iowa
184,Barbara Rodriguez,mcaldwell@example.com,39,703 Cooper Meadows,Maryland
185,William Anderson,poncemorgan@example.org,27,9246 Mitchell Groves,Maryland
186,Joseph Martin,davidwells@example.org,30,3539 Gordon Bypass,Massachusetts
187,Jennifer Johnson,hmendoza@example.com,25,50609 Cunningham Drive,Arizona
188,Philip Matthews DVM,luisnunez@example.net,35,4072 Jacobson Meadow,Kentucky
189,Anthony Caldwell,cindy01@example.org,41,650 Blake Prairie Apt. 171,Maryland
190,Sheila Arellano,samanthapowell@example.com,27,41680 Dawn Row Suite 208,Arizona
191,Joshua Dougherty,duncankurt@example.org,43,70580 Francisco Trafficway,Iowa
192,Kevin Waters,wellsjames@example.com,44,317 Callahan Light Suite 616,Indiana
193,Laura White,rachel24@example.org,34,8844 Katie Causeway,Michigan
194,Robert Clark,david73@example.com,42,25850 Baker Pass Suite 013,Minnesota
195,Stephanie Hines,maria67@example.net,38,032 Miller Roads Suite 139,Maryland
196,Casey Schneider,mary00@example.org,36,410 Ashley Extension Apt. 526,Michigan
197,Sherry Mcdaniel,csullivan@example.com,38,1940 Bruce Hill,Massachusetts
198,Abigail Brown,vmitchell@example.org,33,110 Walker Valleys,Maryland
199,Jennifer Soto,rferguson@example.net,36,60221 Bonnie Landing Apt. 859,Maine
200,Joshua Gonzalez,douglaschristine@example.com,35,182 Hicks Wells Apt. 695,Missouri
201,Leslie Oliver,vanessadennis@example.net,34,083 Marquez Lights Suite 163,Minnesota
202,Jack Vincent,fbenitez@example.com,34,2153 Lee Squares,Louisiana
203,Mr. Maxwell Harris,jamesirwin@example.net,31,5920 Berry Mission,Maryland
204,Zachary Martinez,henry85@example.org,29,597 Norris Viaduct Apt. 720,Indiana
205,Emily Holland,xsmith@example.org,33,309 Joshua Ridge Apt. 189,Arizona
206,Karen Coffey,justinbarnett@example.net,35,887 Lopez Junctions,Maryland
207,Courtney Anderson,wilsonjill@example.net,31,6882 Mathis Throughway Suite 495,Minnesota
208,Kristin Bryan,wendyparker@example.com,28,3777 Barbara Skyway Apt. 568,Minnesota
209,Steven Monroe,williamsonjenna@example.com,31,6974 Amy Plaza,Arizona
210,Gina Benitez,glivingston@example.com,27,210 Bowen Locks,Maine
211,Margaret Neal,chaseshirley@example.com,37,5491 Johnson Islands Suite 470,Arizona
212,Jennifer Campbell,ypham@example.com,38,32107 Harris Trail,Massachusetts
213,Laura Baker,kingluke@example.net,40,79232 Sarah Common,Indiana
214,Emily Vazquez,davisjulie@example.com,35,57403 Hodges Ford Suite 284,Iowa
215,Jon Foster,ramosandrew@example.com,45,5407 Frederick Light Apt. 635,Michigan
216,Donna Pope,delgadosharon@example.net,41,078 Marcus Plaza,Minnesota
217,Kimberly Perez,asalas@example.org,27,92097 Hannah Neck Suite 204,Michigan
218,Sharon Smith,njohnson@example.net,27,7772 Carter Knoll,Mississippi
219,Scott Cooper,breweremily@example.com,37,3352 Melton Dale Suite 763,Michigan
220,Michelle Park,mary28@example.net,42,3047 Brandt Tunnel Suite 752,Missouri
221,Kimberly Archer,brianandrews@example.org,33,90414 Johnson Fort Apt. 430,Arizona
222,Melanie Lang,estradabenjamin@example.net,40,253 Autumn Mount Apt. 324,Maine
223,Christopher Andrews,qsteele@example.org,41,423 Brock Wells Suite 309,Maryland
224,Terri Le,dillon46@example.org,41,0142 Smith Lake Suite 095,Kentucky
225,Pamela Diaz,marciasmith@example.com,39,4367 Christine Row Apt. 883,Kansas
226,Melissa Hernandez,silvatroy@example.org,28,940 Smith Oval,Louisiana
227,Jane Johnson,johnramos@example.org,26,47028 Johnson Creek Suite 749,Minnesota
228,James French,jenniferedwards@example.net,44,4503 Gabriella Plaza,Maryland
229,Tyler Buckley,dennis85@example.net,39,25649 Amy Roads,Michigan
230,Colleen Knight,helen84@example.net,28,64922 Timothy Walks,Minnesota
231,Brent Murphy,lcase@example.com,32,08289 Joel Center Suite 192,Kansas
232,Kristy Ruiz,alejandrojackson@example.org,28,0857 Joseph Curve Suite 119,Arizona
233,Mary King,jeffreysalinas@example.net,36,6529 Schaefer Greens,Kansas
234,Jennifer Schwartz,yvonnefritz@example.org,39,583 Oscar Curve,Massachusetts
235,Ryan Rich,lisa52@example.org,44,505 Glenn Summit Suite 917,Kansas
236,Andrew Simon,camposjasmine@example.com,42,4262 Amanda Gardens,Arizona
237,Adam Martin,kenneth30@example.net,31,13898 Rodriguez Circle,Kentucky
238,Todd Gordon,whansen@example.com,34,11054 Hood Flats,Maryland
239,Amanda Clements,qgarcia@example.org,36,35525 Cory Locks,Massachusetts
240,Heather Reed,davidrichardson@example.com,33,81026 William Track Apt. 980,Kentucky
241,Kenneth Johnson,david11@example.org,25,978 Amber Port Apt. 083,Arizona
242,Emma Neal,wadeelijah@example.com,30,3426 Daniel Plaza Apt. 530,Iowa
243,Kathryn Welch,aflores@example.net,35,5732 Christopher Circles Apt. 459,Iowa
244,Stephanie White,ygarcia@example.org,27,9436 Sandoval Walk,Michigan
245,Adam Mora,oanderson@example.net,40,96870 Natasha Fork,Mississippi
246,Lori Smith,torresjames@example.com,41,22929 Tyrone Greens,Maine
247,Bryan Brown,ricky93@example.org,36,283 Moore Pines,Indiana
248,Cassandra Edwards,christopherchan@example.org,39,88632 Porter Fords Suite 622,Indiana
249,Dennis Hall,zwilcox@example.org,34,06660 Christy Pass Suite 965,Maine
250,Robert Tanner,yodercarrie@example.net,44,045 Kevin Cliff Apt. 423,Michigan
251,Clayton Love,april93@example.com,44,4380 Richard Bridge,Louisiana
252,Mr. Jesse Holland II,dannyclark@example.com,26,410 Michael Crest Apt. 078,Massachusetts
253,Thomas Barton,caldwelldoris@example.org,33,7768 Dylan Alley Suite 707,Indiana
254,Brandon Perez,heidi31@example.net,26,5424 Aaron Stravenue Suite 007,Indiana
255,Jennifer Davis,evansdavid@example.net,42,938 Mitchell Haven Apt. 208,Arizona
256,Cynthia Watson,huntjason@example.com,44,865 Harrison Rapids,Minnesota
257,Pam Lambert,rachel67@example.org,45,941 Leslie Field Suite 252,Iowa
258,Stephen Banks,jeromephillips@example.com,37,71347 Tamara Garden Apt. 903,Missouri
259,Jennifer Jefferson,whitney34@example.org,32,4526 Alexandra View,Louisiana
260,Leah Gray,matthew41@example.org,43,17154 White Fords Suite 323,Kentucky
261,Daniel Turner,ochoalaura@example.org,32,95718 Victoria Courts Suite 250,Kentucky
262,James Bennett,marcusgonzalez@example.org,27,5859 Todd Expressway,Minnesota
263,Jennifer Moore,hahnjesus@example.org,33,897 Kathryn Hills,Iowa
264,Kevin Hill DVM,christophermorris@example.com,30,10730 Ruiz Lake,Indiana
265,Sandy Cummings,ogregory@example.net,44,40306 Burns Points,Kentucky
266,John Howard,bthompson@example.net,38,560 Tracy Hills,Michigan
267,Laura Rose,melissa40@example.net,43,750 Kelly Knolls Suite 072,Louisiana
268,Benjamin Thompson,allenjose@example.org,29,4343 Jonathan Shoals,Michigan
269,Joshua Henderson,stephaniegarcia@example.net,35,79869 Jennifer Plaza Apt. 004,Louisiana
270,Luke Dunn,ramireztimothy@example.org,41,68494 Linda Islands Apt. 227,Illinois
271,Molly Buchanan,samuelmullen@example.com,41,1767 Peterson Estate Apt. 095,Kentucky
272,Brandon Walker,fwarren@example.org,27,1085 Jennifer Lake,Missouri
273,Raymond Stevens,pamelabrown@example.org,25,09945 Smith Spring Apt. 493,Michigan
274,Wendy Bryan,jweiss@example.com,28,0062 Joshua Knolls Suite 147,Maryland
275,Chloe Miller,jasmine21@example.org,37,8869 Katrina Ferry,Indiana
276,Patricia Colon,mortega@example.net,28,9720 Brittany Terrace,Missouri
277,Tracy Freeman,kellyevans@example.com,40,107 Washington Crescent,Mississippi
278,Michelle Brooks,gpeterson@example.com,28,0800 James Harbors,Illinois
279,Anna Nunez,lhampton@example.net,27,96423 Martinez Forges Apt. 651,Arizona
280,Barbara King,thomasflynn@example.com,37,7989 Megan Spur,Indiana
281,Jennifer Hernandez,edwardsjeremy@example.com,29,0216 Jeremy Shore Suite 826,Iowa
282,Lauren Williams,zporter@example.net,42,2028 Baldwin Vista,Minnesota
283,Kevin Harris,thomasaaron@example.com,26,28290 Rodriguez Skyway,Michigan
284,Rachel Hicks,jasonthomas@example.org,37,705 Ruiz Shoals,Massachusetts
285,Scott Jackson,frederick45@example.net,45,9513 Thompson Field,Missouri
286,Keith Nunez,jeffrey67@example.net,33,80291 Billy Mission,Indiana
287,Paul Sanders,philliphoover@example.com,44,9135 Johnson Way,Missouri
288,Mary Cox,dbrooks@example.org,36,3009 Tracy Fort,Illinois
289,Robin Brown,shane32@example.org,26,3183 Hinton Lane Suite 956,Indiana
290,Brandon Miller,smithangie@example.org,29,07701 Romero Orchard,Kentucky
291,Kaitlin Sanders,keithtorres@example.com,43,10694 Cross Junction,Maine
292,Kristin Conley,flevine@example.org,30,205 Stephen Creek Suite 733,Arizona
293,Stephen Baker,andreariley@example.org,34,29322 Christopher Pike Apt. 084,Indiana
294,Emily Brady,qmiller@example.org,26,512 Jon Drive,Maine
295,Elizabeth Shepherd,xanderson@example.com,29,66275 Jackson Highway Apt. 848,Louisiana
296,Christina Barry,joanntate@example.org,36,607 Mcdaniel Expressway,Maine
297,Gregory Nixon,adam29@example.com,33,0020 Kevin Inlet,Iowa
298,Kelly Harrell,mosleyantonio@example.com,36,73433 Parker Harbors,Kentucky
299,Robert Stone,clarencenorman@example.com,27,6918 Amanda Oval Apt. 874,Kansas
300,Thomas Morrison,seth16@example.com,43,399 Kelly Road,Kentucky
301,Donna Garner,lukemoore@example.net,35,05509 Drake Circles,Illinois
302,Helen Murphy,pattersonrebecca@example.com,37,6835 Leonard Rest,Kentucky
303,Walter Alexander,jasonsmith@example.com,39,8742 Anna Station,Iowa
304,Michael Simpson,jenkinsbrian@example.org,44,406 Clark Shores Apt. 516,Arizona
305,Phillip Guerra,davidball@example.org,35,3676 Matthew Circles,Indiana
306,Carlos Perry,cthomas@example.com,43,523 Benjamin Locks Apt. 771,Iowa
307,Matthew Potter,molinatheresa@example.com,28,283 Morgan Passage Suite 740,Maine
308,Rachel Banks,smithjoseph@example.com,33,6790 Williams Square Suite 508,Louisiana
309,Nicole Cline,amandasmith@example.org,32,0193 Jonathan Estate,Maryland
310,Meghan Hicks,brittanydavila@example.com,43,1226 Robin Drive Suite 447,Iowa
311,David Gordon,jimmyjohnson@example.net,29,4591 Erika Row,Missouri
312,Nicole Stewart,johnsondawn@example.com,27,1949 Elijah Forge,Indiana
313,Emily Dougherty,zmolina@example.com,39,85513 Wright Station,Kentucky
314,Rachel Hall,evanharris@example.com,44,028 Mitchell Pines,Louisiana
315,Kyle Jimenez,garcialuis@example.org,29,97373 Simmons Bypass Apt. 604,Illinois
316,Maria Anderson,edwardpeterson@example.com,32,3676 King Passage,Iowa
317,Dustin Perry,phillipheath@example.net,30,0462 Melissa Court,Maryland
318,Johnny Hernandez,obuchanan@example.net,39,345 Natasha Summit Suite 648,Maine
319,Greg Walker,alan36@example.net,41,636 Alicia Groves Suite 888,Massachusetts
320,Jennifer Clark,ashley26@example.net,38,8009 Miller Pines Apt. 111,Illinois
321,Lisa Hayden,courtneydavis@example.org,42,92052 Christina Parks Suite 449,Iowa
322,Kimberly Lester,zacharydavis@example.com,29,703 Bean Canyon Apt. 860,Maryland
323,Brett Hendricks,mgray@example.org,36,19480 Perez Loaf,Mississippi
324,Michele Singleton,jeffreysmith@example.net,27,98223 Jackson Highway Apt. 603,Mississippi
325,Anne Lee,callahanjeanette@example.net,29,0442 Wright Haven,Indiana
326,Michele Peck,lpitts@example.com,26,5126 Stephen Locks Suite 143,Mississippi
327,Andrew Lane,frankrebecca@example.org,43,409 Charles Summit Apt. 052,Mississippi
328,Jeffery Davis,murphyamy@example.com,29,497 Murray Unions Apt. 138,Maryland
329,Nicholas Lucero,xquinn@example.org,29,307 Stewart Locks Apt. 286,Louisiana
330,Michele Wilson,sandersmercedes@example.com,30,1038 Annette Club,Missouri
331,Rebecca Gross,katherinedonaldson@example.com,30,11589 John Underpass,Illinois
332,Mark Salinas,jlam@example.net,45,3072 Jonathan Lodge Apt. 795,Mississippi
333,Jon Rivera,josephhayes@example.org,43,9709 Lori Way Apt. 556,Illinois
334,Steven Griffith,tatejason@example.com,36,8363 Davis Road Apt. 880,Maine
335,Linda Little,jodiramirez@example.net,43,91374 Kaufman Hills Suite 496,Kentucky
336,Sydney Hoover,tiffanyray@example.org,45,260 Natalie Hollow Apt. 144,Iowa
337,Jimmy Bass,gonzalezperry@example.com,36,65677 Taylor Mill Suite 111,Mississippi
338,Russell Hughes,megandavis@example.org,25,0605 Steven Islands,Iowa
339,Tony Lewis,harveywesley@example.com,38,9199 Warren Locks,Indiana
340,Jose Jackson,alex91@example.org,33,67188 Theresa Dam Apt. 791,Illinois
341,Kristen Gonzalez,fisherkatherine@example.com,33,67060 Decker Heights,Indiana
342,Henry Jones,rosalestammy@example.net,39,6686 Estrada Canyon,Mississippi
343,Chelsea Walls,cindylloyd@example.org,31,89475 Rodriguez Crossing Suite 973,Kentucky
344,Kevin Williams,martinjames@example.net,40,268 Luna Prairie Suite 407,Illinois
345,Lawrence Pineda,jose12@example.com,36,5148 Cody Islands,Kentucky
346,Mary Roberts,hicksdawn@example.org,34,573 Carrillo Meadows Apt. 111,Kentucky
347,Emily Rose,camerondebbie@example.com,43,120 Lynch Oval,Louisiana
348,Timothy Dickson,bryan58@example.com,40,39406 Marissa Drive Apt. 794,Massachusetts
349,Jacqueline Thomas,stephanie85@example.org,41,4108 Stacy Center,Indiana
350,Christy Reed,james30@example.com,27,220 Porter Mills,Maine
351,Ashley Mccoy,newmancory@example.net,37,970 Ford Highway,Kansas
352,Brian Watkins,lori22@example.com,37,4493 Jenkins Trace,Louisiana
353,Michael Montes,susanbraun@example.org,37,16551 Drake Avenue Apt. 163,Michigan
354,Alan Flynn,sarahschmidt@example.org,43,31537 Kristy Ports,Indiana
355,Valerie Harris,jmyers@example.com,32,760 Austin Pass,Kentucky
356,Michael Walker,codysolomon@example.net,28,81612 Karen Unions,Illinois
357,Teresa Lane,kathyhoward@example.org,33,0183 Zachary Corners Suite 294,Mississippi
358,John Allen,zmullins@example.org,26,3996 Jose Radial,Missouri
359,Cody Gray,ylee@example.org,32,63605 Barker Parks Apt. 023,Maryland
360,David Meyer,sarahrodriguez@example.com,36,57897 Shannon Track Suite 405,Maine
361,Sean Martinez,kristen26@example.com,43,662 Lewis Groves Apt. 189,Louisiana
362,Marissa Miller,hhughes@example.net,35,6980 Rodriguez Alley Suite 967,Kentucky
363,Kaitlyn Fernandez,pmedina@example.net,37,414 Nicole Heights,Mississippi
364,Nicholas Shelton,samuel53@example.com,44,01260 Caitlin Mews,Kentucky
365,James Miller,andrew42@example.net,36,90043 Perez Rue Suite 115,Arizona
366,Kimberly Brown,sethhurley@example.net,29,00204 Collins Ridge Apt. 651,Indiana
367,Robert Reyes,opierce@example.org,36,5768 Simmons Park Apt. 421,Michigan
368,Justin Levine,ulove@example.com,32,041 Hull Ridge,Maryland
369,Donna Reilly,fbradley@example.com,36,455 Carr Plains,Mississippi
370,Tracy Dominguez,staceyharris@example.org,26,672 Mark Lights,Arizona
371,David Fisher,charles68@example.net,37,48551 Vasquez Grove,Massachusetts
372,Nicholas Lester,jasonbutler@example.net,38,8130 Robert Center,Missouri
373,Kevin Rowe,lestermark@example.net,44,3800 Anna Radial Suite 401,Minnesota
374,Nicole Nichols,monique08@example.net,44,48358 Raymond Trail Apt. 995,Kentucky
375,Mercedes Murray,bhaynes@example.net,26,48436 Kim Camp,Illinois
376,James Anderson,samuellittle@example.org,33,83204 Stephanie Key Suite 357,Mississippi
377,Kenneth Perkins,calhouncolton@example.com,43,36676 Julian Track Apt. 926,Iowa
378,Lucas Kemp,kaylaclark@example.com,43,417 Ellen Row Apt. 107,Minnesota
379,Christine Smith,meganrobertson@example.com,42,808 Christina Isle Suite 373,Maine
380,Susan Allen,fdavid@example.net,45,4694 Flores Fork Suite 197,Indiana
381,Jacob Russell,xcastillo@example.net,44,886 Patricia Knoll,Michigan
382,Stephanie Hansen,john74@example.com,43,7251 Alexander Ville Apt. 765,Michigan
383,Dale Allen,yharris@example.com,27,3165 Benjamin Hill,Maine
384,Gordon Hicks,dmason@example.com,39,104 Benjamin Drive,Illinois
385,Lisa Hawkins,levyzachary@example.org,39,322 William Falls Apt. 468,Maine
386,Timothy Schroeder,katherinealvarado@example.com,40,9576 Susan Underpass Suite 079,Massachusetts
387,Kellie Henderson,qmartinez@example.com,36,007 Samantha Viaduct,Kansas
388,Caitlin Stephens,brian99@example.com,25,58868 Contreras Ridge,Missouri
389,Jacob Cook,rodriguezkristen@example.net,41,8807 Yates Valleys Apt. 234,Louisiana
390,Jonathan Green,ambertorres@example.org,34,85284 Chelsea Crossroad Apt. 774,Michigan
391,Kristy Stafford,richard14@example.net,39,457 Anthony Vista,Missouri
392,Bryan Chapman,tsmith@example.net,40,58745 Ware Trail Suite 161,Illinois
393,Rebecca Curtis,schultzjesse@example.net,39,269 Joseph Trace,Mississippi
394,Stephanie Gregory,vwilson@example.com,37,33886 Myers Valleys,Michigan
395,Roger Esparza,millerscott@example.net,37,224 Michelle Parkways Apt. 821,Maine
396,Stephanie Mclaughlin,andrew06@example.org,42,6435 Jackson Locks Apt. 946,Kansas
397,Selena Rogers,bjohnson@example.com,34,23025 Bell Circle Apt. 912,Illinois
398,Jim Brown,robinjones@example.net,42,9655 Collier Radial Apt. 701,Maryland
399,Hannah Gonzalez,tammy79@example.com,29,20534 Janice Drive Suite 506,Maryland
400,Hunter Cox,stephanieelliott@example.org,41,4279 Carey Plains,Iowa
401,Alexis Wilson,gibsonlisa@example.org,32,4475 Lam Row,Maine
402,Whitney Meyers,jackie36@example.net,44,647 Jon Springs Suite 317,Massachusetts
403,Michael Walsh,suzanneadams@example.org,35,3570 Shaw Square Suite 940,Minnesota
404,Gloria Brewer,zunigarobert@example.net,38,4017 Brown Flat,Minnesota
405,Matthew Morales,victor85@example.org,45,3453 Sean Springs Suite 877,Michigan
406,Vincent Lopez,ronaldperry@example.net,31,1393 Sampson Spring Suite 643,Indiana
407,Tonya Hardy,mfox@example.net,26,2918 Ryan Bridge,Illinois
408,Kara Morton,nicholas87@example.com,30,44643 Paul Way Suite 387,Kansas
409,Suzanne Porter,paul46@example.org,41,1265 Wayne Highway,Arizona
410,Chad Mason,matthew14@example.org,29,050 Megan Passage Suite 214,Michigan
411,Cheryl Johnson,summer13@example.org,45,1274 Williams Crescent Suite 562,Indiana
412,Cameron Zamora,xgilbert@example.org,44,0326 Adkins Ford Apt. 904,Michigan
413,Jane Haynes DVM,owilliams@example.com,34,3942 Hamilton Road,Maine
414,Christopher Rhodes,audreymills@example.net,30,29117 Cortez Run Suite 289,Iowa
415,Jimmy Cole,yruiz@example.com,38,10148 Shane Ville Suite 348,Indiana
416,Desiree Ortega,brendawells@example.net,31,983 Hannah Center Apt. 775,Illinois
417,Elaine Robinson,jessica98@example.net,32,566 Randall Vista Suite 364,Arizona
418,Jeffrey Alvarez,pauljoanne@example.org,31,08409 Murphy Glen,Michigan
419,Raymond Watson,peterspatrick@example.com,40,5495 Shea Estate,Iowa
420,Austin Contreras,lesliemason@example.org,39,9514 Larry Knoll,Iowa
421,Kerry Gomez,nataliesanchez@example.com,26,2089 Heath Drive Suite 169,Mississippi
422,Hannah Page,elizabethcombs@example.com,29,480 Patton Oval Apt. 305,Kansas
423,William Riley,carsonmary@example.net,32,3053 Matthew Path Apt. 074,Missouri
424,Heather Erickson,daniel74@example.com,28,2341 David Oval Apt. 233,Massachusetts
425,Theresa Stone,ashleynicholas@example.net,33,233 Cynthia Drive Apt. 731,Kentucky
426,Geoffrey Farrell,jacksonrita@example.org,27,27054 Ross Road Suite 111,Mississippi
427,Jacqueline George,jonacosta@example.org,36,208 Frazier Lodge Suite 573,Kentucky
428,George Espinoza,evansbrandi@example.net,33,785 Roberts Crescent Suite 581,Missouri
429,Erica Wheeler,igutierrez@example.org,34,053 Renee Skyway,Minnesota
430,Lisa Tapia,nancy61@example.net,26,10332 Samantha Glens Suite 119,Louisiana
431,Alejandra Wallace,dakotaperez@example.com,30,50856 Mendez Port,Arizona
432,Roger Contreras,williamssarah@example.com,34,0983 Yates Mountain Suite 589,Arizona
433,Stephen Robertson,colleenbrown@example.org,37,30521 Erin Vista,Michigan
434,Bryce Davis,jasonstewart@example.net,45,979 Dale Trafficway,Kentucky
435,Lindsey Wilson,douglas42@example.net,26,2805 Rivera Forest Suite 545,Missouri
436,Adrian Torres,jacqueline51@example.com,27,80647 David Stravenue Suite 193,Maryland
437,Willie Stark,ehardin@example.net,44,65243 Williams Streets,Indiana
438,Derrick Casey,bairdseth@example.org,40,97466 Scott Ports Apt. 356,Louisiana
439,Jacqueline Lopez,unewman@example.org,44,968 Richard Harbors Suite 043,Indiana
440,Joseph Powell,rmoore@example.net,29,108 Stanley Keys,Missouri
441,Michelle Santos,zgordon@example.net,43,5565 Anne Heights Suite 125,Minnesota
442,Zachary Martin,mariah82@example.net,26,501 Valerie Trail,Minnesota
443,Elizabeth Hendricks,robert45@example.net,26,48001 Jeffrey Mission,Louisiana
444,Jacqueline Durham,jeffreymelton@example.org,34,3107 Patel Canyon,Illinois
445,Maria Holt,robertothompson@example.com,25,8810 Santiago Harbors,Kentucky
446,Barbara Rodriguez,erin89@example.com,37,781 Victoria Cove,Indiana
447,Jennifer Robinson,jensencameron@example.com,33,575 Thomas Falls,Arizona
448,Andrew Rojas,ynelson@example.com,44,88374 Brown Run Suite 802,Indiana
449,Melinda Bernard,kevin04@example.org,35,81676 Smith Rest,Kentucky
450,Crystal Harrell,mwoods@example.com,42,5281 Michael Plain,Iowa
451,Mary Conrad,umitchell@example.com,45,804 Grant Pass,Kansas
452,Kristi Bonilla,christophermcdaniel@example.net,35,4201 Robert Curve,Louisiana
453,David Moran,louis66@example.com,33,521 Jones Path,Arizona
454,Steven Baker,eanderson@example.net,34,003 Castro Stravenue,Iowa
455,Robert Maldonado,fostercorey@example.com,42,2135 Walls Isle Suite 091,Illinois
456,Luis Miller,tammymorrison@example.com,40,151 Amber Islands Suite 656,Kansas
457,Joseph Hunter,stacy53@example.com,25,4019 Freeman Cliffs Suite 082,Maine
458,Laura Tyler,lauravelazquez@example.net,26,0499 Aguilar Inlet,Louisiana
459,Barbara Hall,stephenpineda@example.net,39,8562 Hernandez Bridge Suite 303,Maine
460,Willie Alvarado,llester@example.org,28,129 Deborah Course,Illinois
461,Andrea Massey,gainesbrian@example.org,32,03709 Wright Trail,Maryland
462,Eileen Nielsen,jscott@example.net,29,44093 Brett Shoal Apt. 283,Louisiana
463,Joshua Brown,jeremy09@example.com,38,55179 Kathy Skyway,Illinois
464,Danielle Roberts,molinacorey@example.net,31,8671 James Rapids,Kansas
465,Cassandra Reyes,wellsmary@example.net,28,3923 Phillips Isle Suite 323,Kentucky
466,Clayton Mccormick,maxwellteresa@example.org,38,7729 Patton Fords,Illinois
467,Jorge Daniel,hernandezjennifer@example.org,39,87683 Perry Track,Maine
468,Brian Callahan,abryant@example.com,31,025 Andrew Lake,Massachusetts
469,Christine Wallace,briddle@example.net,41,263 Harvey Lakes Suite 224,Maine
470,Joshua Campbell,kevinfuller@example.org,41,12792 Torres Branch Apt. 285,Mississippi
471,April Oconnor,alexrhodes@example.org,45,94354 Michael Ville,Mississippi
472,Tammy Robinson,ogardner@example.com,38,1659 Harvey Lights Apt. 078,Iowa
473,Jeffrey Edwards,knightjuan@example.com,38,0762 Clark Fork Suite 790,Mississippi
474,Tammy Mcdonald,stanleyjennifer@example.org,30,62585 Garza Alley,Kansas
475,Tracy Davidson,obrienmonica@example.com,40,1632 Allen Viaduct,Arizona
476,Thomas Wong,hbaker@example.net,40,80320 Nguyen Plaza,Kentucky
477,James Murray,mclaughlinelizabeth@example.org,31,53083 Kathy Freeway Apt. 255,Michigan
478,David Collins,xwhite@example.org,42,871 Wilson Estates,Kentucky
479,Tiffany Lee,holly96@example.org,27,968 Kirby Pass,Illinois
480,Ashley Martin PhD,dsanders@example.org,33,397 Lee Meadow Apt. 418,Louisiana
481,Michael Delgado,gabriel93@example.net,43,93082 Roberts Circles Suite 681,Minnesota
482,Cynthia Smith,dawn81@example.com,44,17142 Graves Shoal,Michigan
483,David Simmons,vhayes@example.com,28,99942 Schmidt Club Suite 102,Minnesota
484,Felicia Ochoa,umitchell@example.net,37,361 Richard Stravenue,Louisiana
485,Amber Conley,brownjustin@example.org,42,56134 Hunter Terrace Suite 411,Louisiana
486,Mary Stevenson,petersonscott@example.org,37,963 Reid Spurs,Indiana
487,Robert Turner,felicia38@example.net,29,5314 Brooks Spurs Apt. 827,Iowa
488,Carla Watts,brandon14@example.com,38,0091 Stewart Ways,Iowa
489,Maria Aguilar,brittany76@example.net,44,7756 Coleman Forest Apt. 641,Maine
490,Christina Moore,ntaylor@example.com,40,999 Amber Gardens,Kansas
491,Sean Patterson,uhill@example.org,32,247 Williams Freeway,Michigan
492,Kimberly Brown,carlgonzalez@example.org,45,54128 Michael Views Suite 238,Missouri
493,Jacob Nelson,ejoseph@example.org,44,0188 Neil Dam,Michigan
494,Crystal Hernandez,ygonzalez@example.com,36,81038 Martin Meadow,Louisiana
495,Tony Solis,mccoylisa@example.net,37,22798 George Port,Michigan
496,Jennifer Brown,timothylittle@example.net,31,78547 Lewis Shores Apt. 810,Minnesota
497,Brenda Perkins,elijah37@example.org,42,049 Richardson Terrace,Missouri
498,Amanda Hood,stephanie83@example.org,25,208 Anderson Route,Massachusetts
499,Eric Flores,sharpsteven@example.net,25,63289 Travis Throughway Apt. 825,Kansas
500,Thomas Hood,christina08@example.org,30,44575 Shannon Knolls,Kentucky
501,Carolyn Hill,tracysteele@example.org,27,26801 Ethan Inlet,Minnesota
502,Brian Moore,jacksonscott@example.net,25,088 Smith Land,Massachusetts
503,Colton Martin,smithsandra@example.org,44,83295 Osborn Road Apt. 337,Michigan
504,Andrea Fisher,andrew93@example.org,43,566 Chase Island Suite 202,Missouri
505,Kathleen Duarte,abigail53@example.net,26,47106 Adams Forges Apt. 932,Massachusetts
506,Joe Ramsey IV,guerrerobenjamin@example.org,33,980 Adam Ridges,Arizona
507,Brian Miller,xgomez@example.com,31,84028 Daniels Ridges Apt. 527,Maryland
508,Tricia Fowler,mossjustin@example.org,42,5899 Andrea Throughway Apt. 566,Mississippi
509,Lisa Davis,umercado@example.org,39,344 Wilcox Squares,Mississippi
510,Nicole Bradley,ruizsierra@example.org,25,781 Larson Lake,Massachusetts
511,Kevin Hogan,mark49@example.org,41,600 Kelly Place,Indiana
512,Margaret Myers,jacksonwalter@example.org,32,6301 Lloyd Throughway Suite 680,Kentucky
513,Rachel Choi,hahnsylvia@example.net,45,0489 Randolph Fords,Iowa
514,Kathryn Clayton,anthonybutler@example.org,31,9803 Ramirez Walks Apt. 462,Arizona
515,Ryan Dennis,thompsonsteven@example.com,38,47799 Rebecca Ville,Iowa
516,Shannon Greene,elizabethoconnor@example.net,38,794 Christopher Vista Apt. 462,Minnesota
517,Christopher Jensen,wendywilliams@example.org,45,9567 Bray Dam,Kentucky
518,Jack Long,pfinley@example.net,26,85499 Davis Rapids Apt. 664,Arizona
519,Lisa Sanders,joshua66@example.org,32,29718 Cooper Lane Apt. 430,Maine
520,Lauren Johnson,frankgilbert@example.net,30,534 Gary Landing,Arizona
521,John Rogers,jonathan47@example.com,27,1407 Mckenzie Streets,Louisiana
522,Gina Ashley,kristy06@example.net,43,87912 Anna Turnpike,Minnesota
523,Alexandra Warren,aevans@example.net,26,6189 Singleton Freeway,Missouri
524,Jason Sanchez,zacharycervantes@example.org,31,8699 Edwards Lights Suite 557,Louisiana
525,Jason Hill,taylorkathryn@example.com,25,7918 Alexandra Stravenue,Maryland
526,Nicholas Obrien,ethompson@example.org,39,596 Meyer Forge Apt. 356,Maine
527,Toni Mccullough,rfoster@example.com,37,3017 Amanda Mount,Maine
528,Leslie Washington,davisdominique@example.com,38,35617 Myers Courts Suite 809,Indiana
529,William Smith,edwingonzalez@example.net,33,60007 Valencia Expressway Apt. 334,Maryland
530,Whitney Jackson,obrienstephen@example.org,42,3763 Jennings Fort Apt. 934,Michigan
531,Jean Garcia,lisa46@example.com,35,2392 Christina Meadow,Louisiana
532,Dr. Bridget Harper MD,john15@example.org,43,0575 Wolfe Mills Apt. 569,Mississippi
533,Karen Conway,jill05@example.net,36,805 Michelle Station,Arizona
534,Robert Harrison,shirley66@example.net,36,7074 Ortiz Burg,Kansas
535,Stacy Gardner,hgibbs@example.com,34,8565 Jason Run,Iowa
536,Sarah Robinson,peterphillips@example.org,36,0037 Ibarra Lodge Apt. 883,Mississippi
537,Jennifer Anderson,kelleychristopher@example.net,43,566 Benjamin Corners,Indiana
538,Ryan Smith,kyleholloway@example.org,45,06170 Larson Light,Illinois
539,Stanley Nguyen,vwallace@example.org,28,7638 Jennifer Well,Minnesota
540,Joe Harris,snelson@example.com,37,792 Burke Greens,Arizona
541,Jacqueline Morgan,sking@example.com,36,157 Sandra Locks Apt. 332,Minnesota
542,Amanda Wallace,ffloyd@example.net,31,4812 Mcdonald Islands,Mississippi
543,Kathryn Nichols,hubbardemily@example.org,27,161 Paul Square,Maryland
544,Ashley Taylor,enunez@example.org,45,4495 Juan Stravenue Suite 054,Iowa
545,Glenn Nolan,barnesdarrell@example.com,38,1351 Richard Crossing Suite 651,Minnesota
546,Rodney Perez,williammorton@example.com,28,36324 Sara Drives Apt. 402,Minnesota
547,Kaitlyn Vazquez DDS,richard14@example.com,34,892 Valentine Crest,Massachusetts
548,Heather Riley,valdezjohn@example.net,41,7131 Donald Lake,Indiana
549,Robert Ortega,justincobb@example.com,38,0035 Crawford Fork,Kentucky
550,Zachary Adams,lburnett@example.org,42,84565 Mcbride Prairie,Minnesota
551,Anthony Kennedy,keithsingleton@example.com,39,458 Jaime Prairie,Mississippi
552,Gwendolyn Perez,prestonryan@example.org,39,00480 Edwards Falls,Mississippi
553,Kevin Gutierrez,rbrown@example.com,41,01658 Stephanie Key Suite 998,Kentucky
554,Jacob Stafford,eddie37@example.net,32,798 Bell Greens Apt. 247,Minnesota
555,Lisa Burke,michaelbarnes@example.net,39,45243 Corey Mount,Missouri
556,Kelly Baker,cdavidson@example.org,29,37273 Nicholas Locks Suite 702,Kentucky
557,Jennifer Hughes,charleswoodard@example.com,33,04998 Collins Well Apt. 013,Indiana
558,Renee Henson,yreese@example.net,40,01861 Sullivan Mountain,Minnesota
559,Gerald Wright,sanchezmaria@example.net,34,20471 Sheppard Vista Suite 004,Minnesota
560,Shawn Rodriguez,esoto@example.net,28,64001 Patterson Glens Suite 849,Minnesota
561,James Mills,kelly89@example.com,39,823 Glenn Views,Minnesota
562,Robert Burton,paul37@example.com,38,3711 Gary Flat,Kentucky
563,Christopher Michael,rojasdana@example.com,32,8995 Hernandez Crescent,Minnesota
564,Darrell Perez,zmitchell@example.com,31,5113 Bailey Ford,Mississippi
565,Jennifer Gordon,cody40@example.com,27,3069 Adams Fields Apt. 280,Missouri
566,Gary Moran,donna02@example.org,34,2253 Scott Forges Apt. 811,Mississippi
567,Ashley Rose,woodsrachel@example.org,30,167 Trevor Turnpike Suite 209,Missouri
568,Russell Cook,jwilliams@example.net,39,12986 Thornton Hollow Apt. 463,Maine
569,Pamela Delgado,banderson@example.com,40,784 Juan Stream,Michigan
570,Rhonda Huff,donovanmelissa@example.net,45,25470 Philip Corners,Arizona
571,Brenda Owens,zsmith@example.com,37,47810 Jerome Valley Suite 469,Kentucky
572,Nicholas Johnson,kenneth19@example.net,38,157 Renee Road Apt. 827,Maine
573,Jennifer Wilson,williamcrosby@example.org,41,7751 Andres Stream,Illinois
574,Diana Benton,rothpamela@example.net,31,5259 Newman Mills Apt. 520,Minnesota
575,John Thomas DDS,dylanwilson@example.net,41,924 David Tunnel,Kentucky
576,Meredith Williams,mooremary@example.org,25,117 Carmen Turnpike,Iowa
577,Christina Thomas,davidbrown@example.net,28,59908 Theresa Ridge,Maine
578,Keith Smith,hammondkevin@example.net,37,11340 Mccoy Road Apt. 257,Iowa
579,Nicholas Pollard,ywhite@example.com,32,846 Julie Motorway Apt. 720,Indiana
580,Breanna Miller,amyshah@example.org,34,77901 Smith Cliff,Massachusetts
581,Michael Austin,joseph80@example.org,42,776 Christopher Fork Suite 214,Maine
582,Jennifer Fitzgerald,hannah27@example.com,39,20911 Johnson Oval,Michigan
583,Kim Singleton,matthewreyes@example.org,41,8745 David Circles,Mississippi
584,Julie Patel,pamela84@example.org,30,666 Walker Cove Suite 675,Arizona
585,Sara Nicholson,beanbrittany@example.com,35,01664 Timothy Path Suite 175,Indiana
586,Mr. William Bernard,xolson@example.net,42,54568 Zachary Shore Suite 836,Massachusetts
587,Taylor Burnett,patricia73@example.net,27,71138 Angela Club,Louisiana
588,Charles Williams,gloverjoe@example.org,26,070 Kimberly Station Apt. 457,Illinois
589,Stephen Smith,xroberts@example.net,32,867 Wells Circles Suite 571,Iowa
590,Nicholas Evans,fmalone@example.com,34,269 Donna Shoals Apt. 084,Illinois
591,Keith Kelly,gsparks@example.org,28,30572 Raymond Junctions Apt. 800,Iowa
592,Daniel Garcia,autumnwest@example.com,37,9188 Jones Brook Apt. 501,Kansas
593,Sharon Jones,ssolis@example.org,37,4934 Julie Springs,Illinois
594,Teresa Ibarra,smithashley@example.net,36,1924 Stacey Parks,Arizona
595,Kristen Bruce,wtownsend@example.net,39,7064 Molly Ranch Suite 865,Minnesota
596,James Johnson,maria58@example.org,33,4545 Scott Vista Apt. 390,Maryland
597,Brooke Boyd,wrightsuzanne@example.net,42,337 Jennifer Circles Apt. 764,Kansas
598,Gregory Morgan,francisco28@example.com,42,6092 Scott Forge,Indiana
599,Gabriel Patterson,thomas38@example.com,38,972 Boone Dam,Mississippi
600,Roger Brown,williamclayton@example.com,32,2018 Perez Motorway,Indiana
601,Theresa Rowe,jacksonsabrina@example.org,40,6079 Robert Highway,Arizona
602,Samuel Thomas,jessica42@example.com,30,8908 Kelly Brooks,Kentucky
603,Paul Chandler,bakerglenn@example.net,40,94374 Hoffman Well,Illinois
604,Mary Powers,shoffman@example.org,43,00303 Danny Villages Suite 981,Indiana
605,Ronald Herman,ochoaandrew@example.org,39,2587 Melody Estates Suite 035,Minnesota
606,Ryan Johnson,jaredcampos@example.com,25,8708 Weber Garden Apt. 613,Arizona
607,Samuel Byrd,markflores@example.com,29,7227 Nicole Roads Apt. 840,Kansas
608,William Fisher,sharon66@example.com,39,989 Jon Knoll Apt. 865,Kansas
609,Meagan Carlson,mporter@example.net,29,5579 Harvey Locks,Louisiana
610,Jessica Ballard,matthew88@example.com,26,5664 Brooks Meadow,Indiana
611,Marcus Michael,sgray@example.org,33,159 Freeman Haven Apt. 129,Maine
612,Paula Lewis,taylorjacob@example.com,44,36339 Henry Well,Kentucky
613,Daniel Malone,michael01@example.net,28,360 Danny Crossroad,Kansas
614,Patrick Kline,reyeskatherine@example.org,39,0921 Angela Grove Suite 396,Massachusetts
615,Sheri Parks,natasha43@example.com,45,7104 Tara Fords Suite 808,Massachusetts
616,Lauren Owens,alex16@example.org,25,9521 Lopez Underpass,Illinois
617,Steven Howard,tphillips@example.net,37,91567 Richard Club,Maryland
618,Jennifer Craig,justin99@example.com,26,8409 Garcia Plain,Iowa
619,Eric Manning,dixongabrielle@example.net,43,5973 Parrish Lodge,Minnesota
620,Brian Turner,christianedwards@example.org,42,42563 Clayton Ramp,Maine
621,Mr. Kenneth Cline,karenhansen@example.net,32,18045 Aguilar Wall,Maryland
622,Jennifer Hogan,kelleytammy@example.net,29,1645 Mcconnell Prairie,Missouri
623,Katherine Ford,rodriguezelizabeth@example.net,35,1190 Castro Roads Apt. 769,Louisiana
624,Sierra Ibarra,jcoleman@example.com,38,1178 Bruce Manors,Illinois
625,Steve Jackson,jenniferbolton@example.net,43,45790 Black Isle,Maine
626,Emily Castro,nicolealvarado@example.org,36,033 Harper Parkway Suite 599,Iowa
627,Brian Hester,gatesgabriella@example.com,34,24626 Williams Valleys Apt. 488,Mississippi
628,Michael Heath,sullivanjennifer@example.org,38,593 Devin Gardens,Indiana
629,Debra Oconnor,jamie58@example.net,40,440 Kristen Shore Suite 642,Missouri
630,Michael Gay,rileyreed@example.com,43,6437 Riley Ways,Indiana
631,Erica Tucker,olowe@example.org,39,030 Frye Burg Suite 950,Minnesota
632,Jason Wade,uhughes@example.com,41,58875 Brenda Green,Illinois
633,Jeffrey Key,wilsonjeffrey@example.com,45,428 Webster Run,Iowa
634,Lawrence Carrillo,gary18@example.org,45,6682 Ryan Flat Apt. 605,Maryland
635,Kendra Campbell,huangleonard@example.net,40,0831 Todd Bridge,Maryland
636,Parker Hall,jimenezjames@example.org,38,139 Faulkner Center,Massachusetts
637,Sarah Krueger,brandy82@example.com,26,02486 Brian Extensions,Louisiana
638,Jessica Hinton,jsolis@example.org,26,694 Martin Glens,Massachusetts
639,Erica Sims,gloverkelly@example.net,35,9672 Taylor Trail,Maine
640,Brittany Williams,jeffersonjustin@example.org,41,32188 John Key Apt. 283,Missouri
641,Laura Mcclure,bduncan@example.net,37,101 Anthony Knolls Suite 119,Louisiana
642,Thomas Schneider,holly25@example.net,34,6273 Eric Square Suite 270,Missouri
643,Thomas Hudson,corey22@example.org,44,07549 Donna Courts Suite 648,Michigan
644,Jill Parsons,brownashley@example.com,40,37161 Dixon Roads,Kansas
645,Edward Murray,victoria13@example.com,29,65822 Bray Flats Suite 752,Minnesota
646,Timothy Miller,josephcantrell@example.org,26,011 Benjamin Vista,Illinois
647,Robert James,bradleyjoanna@example.com,32,33734 Sosa Field,Massachusetts
648,Kristy Lyons,diazjoseph@example.net,42,054 Kenneth Roads,Missouri
649,Mary Simon,maymichele@example.org,44,559 Brandon Ramp Suite 771,Mississippi
650,Caroline Williams,sandraholloway@example.net,38,7296 Jackson Lane Suite 773,Kentucky
651,Ronald Costa,uhill@example.net,44,6822 Nicole Square,Maine
652,Nicole Stone,tonithomas@example.com,43,76958 Christy Track,Iowa
653,Anthony Jordan,ifoley@example.org,40,8731 Aguilar Skyway Apt. 938,Maine
654,Richard Jones,riverascott@example.org,33,72671 Lynch Shores Apt. 615,Maine
655,Brittney Guerra,maria92@example.com,25,6825 Katherine Oval Suite 309,Arizona
656,Sarah Sanders,kennethsharp@example.org,28,17052 Robin Ville Apt. 885,Kansas
657,Laura Carter,adamsmaurice@example.org,44,3928 Oscar Summit,Indiana
658,Karen Frazier,ywalker@example.com,43,11907 Kimberly Square Apt. 663,Iowa
659,Kurt Allen,rcampbell@example.org,33,756 Cox Mission Apt. 458,Indiana
660,Michelle Romero,wallaceamanda@example.net,44,898 Lewis Mountains,Missouri
661,Christopher Baldwin,john67@example.net,41,03562 Jermaine Orchard,Massachusetts
662,Patricia Hernandez,tflores@example.org,28,88751 Daniel Highway Suite 853,Indiana
663,Casey Carney,kendra75@example.com,31,765 Baker Pike,Minnesota
664,Katrina Robertson,elliottchristian@example.com,39,64326 Wyatt Dam Suite 229,Louisiana
665,Ronald Wood,ftaylor@example.com,29,7249 Mason Spring Suite 169,Kentucky
666,Cory Davis,robertjones@example.net,35,326 Kelly Tunnel Apt. 413,Missouri
667,Sherry Gonzalez,bchaney@example.org,33,43078 Martinez Terrace Apt. 466,Arizona
668,Yolanda Robles,stantonjulie@example.com,37,6350 Greene Circle Suite 355,Indiana
669,Travis Jones,stephanie53@example.net,25,85425 Tamara Camp,Louisiana
670,Barry Smith,ljohnson@example.org,42,482 Theresa Knoll Suite 243,Kentucky
671,Joshua Harrington,ahuff@example.org,38,99154 Mercer Ford,Arizona
672,James Richardson,meganlee@example.net,30,46201 Williams Forks Apt. 514,Maine
673,Misty Spencer,daniel60@example.org,25,048 Lara Village Apt. 361,Minnesota
674,Matthew Mayer,melissarodriguez@example.org,25,7537 Michael Spring,Maryland
675,Brittany Coleman,samuelhall@example.org,34,242 Laura Mews,Minnesota
676,Laurie Payne,stewartsteven@example.org,25,581 Richard Villages Suite 786,Louisiana
677,Michelle Miller,brownmonique@example.org,31,438 Kayla Station Suite 631,Maryland
678,Paul Jenkins,christiansuzanne@example.org,40,92340 Whitney Isle Suite 415,Massachusetts
679,Patrick Wiley,parkercole@example.org,30,85948 Whitney Roads,Louisiana
680,Tamara Watson,alexanderrichard@example.com,38,689 Mark Plaza,Minnesota
681,Linda Sandoval,alicia50@example.com,38,796 Morgan Mews,Michigan
682,Samantha Williams,bradymarcus@example.com,29,32708 Roger Ford Suite 493,Maine
683,Julie Fitzgerald,carol92@example.org,28,088 Francisco Lodge,Massachusetts
684,Andrew Bennett,simmonsconnor@example.org,43,6803 Flores Tunnel,Mississippi
685,Frank Hernandez,dhughes@example.org,28,58878 Laura Coves,Minnesota
686,Patrick Lopez,matthew90@example.com,27,551 Steven Summit,Kansas
687,Alicia Cruz,jonesmary@example.net,30,3638 Stevens Pines,Louisiana
688,Jasmine Martinez,amanda04@example.org,34,53419 Ball View Suite 779,Kansas
689,Michael Fleming,jillpatton@example.org,44,4911 Christina Meadows Suite 535,Missouri
690,Dennis Morgan,rodgerssteven@example.org,34,47768 Daniel View Suite 430,Massachusetts
691,Lauren Wilson,valeriemiller@example.net,42,929 Terrell Cape Suite 774,Massachusetts
692,Justin Ferguson,smartinez@example.com,38,963 Knight Island Suite 161,Missouri
693,Chelsea Hammond,robertjensen@example.com,25,3389 Joshua Freeway Apt. 200,Mississippi
694,Stephanie Foster,elizabeth61@example.org,30,886 Vaughn Greens Suite 690,Maine
695,Danielle Martinez,rachelsnyder@example.org,26,051 Michael Summit,Mississippi
696,Lisa Woods,banksmelanie@example.net,28,6502 Ramirez Avenue Apt. 224,Kansas
697,Kiara Brown,jameselliott@example.net,26,975 Kathy Vista,Maryland
698,Dr. Tyler Wilson,lisa52@example.org,29,0529 Gonzalez Points Suite 316,Michigan
699,Jessica Anderson,gsolis@example.org,37,21981 Ashley Union,Kansas
700,Todd Lewis,edward95@example.org,39,25942 Beverly Garden,Kentucky
701,Kimberly Dorsey,lopezmitchell@example.com,35,347 Emily Springs Apt. 529,Illinois
702,Erica Arellano,scunningham@example.org,41,1050 Norton Plains Apt. 603,Indiana
703,Benjamin Gould,nguyenjoseph@example.net,45,870 Clark Circle Suite 197,Minnesota
704,Monica Snyder,sharonmorrison@example.net,41,7477 Mark Ranch,Missouri
705,William Weaver,angiemarquez@example.net,45,700 Elizabeth Rue,Mississippi
706,Christopher Barnett,lgarcia@example.com,39,578 Karen Villages,Michigan
707,Jeffrey Johnson,brandi71@example.net,44,7802 Benjamin Estates,Massachusetts
708,Leslie Murray,escott@example.com,25,90320 Yang Ranch,Maine
709,Chelsea Mitchell,zpoole@example.net,35,285 Nicole Fork Suite 643,Louisiana
710,Rebecca Holloway,alexanderbrianna@example.org,41,200 Haynes Parkway,Massachusetts
711,Ashley Gibson,lauren37@example.net,33,31251 Sheila Meadow Suite 108,Indiana
712,Alexander Ward,maciasmichael@example.com,44,27027 Philip Points Suite 549,Iowa
713,Carmen Cooper,priceerica@example.net,34,09682 Evans Oval Suite 780,Missouri
714,Christina Nolan,pachecoryan@example.com,41,09038 Gerald Loop,Michigan
715,Crystal Baker,aaronhodge@example.com,44,4644 Rivera Green Apt. 537,Massachusetts
716,Thomas Jimenez,kmiller@example.net,45,0005 Paul Ports Apt. 420,Maine
717,Kristina Ponce,angie95@example.net,31,77381 Paul Mills Apt. 648,Minnesota
718,Jeffrey Moore,gonzalesheather@example.net,38,8051 Bryant Springs,Kansas
719,Joseph James,stephenmoore@example.org,40,38447 James Cape Suite 632,Missouri
720,Alan Mccall,bryanwallace@example.org,32,9149 Morgan Plain,Kentucky
721,Stacy West,james57@example.net,27,134 Bobby Plaza Apt. 851,Minnesota
722,Barbara Yu,stevenclark@example.org,34,988 Ashley Isle,Louisiana
723,Emily Miller,sheila08@example.com,28,87166 Sutton Ferry Apt. 244,Michigan
724,Cheyenne Farley,autumn29@example.net,34,1772 Ronnie Via,Kansas
725,Mr. Paul Gilmore,kimberlycummings@example.net,35,3894 Heidi Route Suite 217,Iowa
726,Leon Ray,brookemorgan@example.org,32,58635 Deborah Fork Apt. 018,Arizona
727,Heather Meyer,woodleah@example.org,34,5092 Wilson Plain Apt. 861,Kentucky
728,Jack Johnson,dhampton@example.org,45,9668 Michelle Harbor Suite 017,Kentucky
729,Jonathan Fields,ohernandez@example.net,43,826 Ariel Alley,Illinois
730,Ariana Hernandez,vanessa82@example.com,26,2799 Joshua Isle,Arizona
731,Alexander Mooney,heidiolson@example.net,45,2627 Chase Isle Suite 683,Maryland
732,Richard Greene,rosshopkins@example.com,26,9299 Monroe Lock,Kansas
733,Melissa Riggs,pinedaluke@example.net,44,448 Erickson Skyway Apt. 771,Kansas
734,Brian Byrd,christophermoore@example.org,38,404 Smith Meadow Suite 581,Louisiana
735,Roger Harris,porteramanda@example.com,29,1414 George Stravenue Apt. 209,Louisiana
736,Sandra Kirk,john46@example.com,36,16976 Tran Gateway Apt. 557,Indiana
737,Maria Romero,cortezzachary@example.org,34,18819 Erika Locks,Missouri
738,Caleb Warren,matthew03@example.com,25,1659 Gardner Place Apt. 604,Missouri
739,Nicole Glover,matthew36@example.net,35,35279 Harold Plaza,Mississippi
740,Dr. Gina Dougherty,marc99@example.com,42,199 Scott River Suite 356,Minnesota
741,Chase Kelley,srich@example.net,45,949 Rosario Summit Apt. 511,Indiana
742,Charles Lewis,johnsonrebecca@example.org,42,83987 Clark Forge Suite 181,Kansas
743,Joshua Sutton,riveraterri@example.org,42,763 Arnold Green Suite 033,Massachusetts
744,Kellie Miller,chadhenry@example.com,42,1679 Davis Turnpike,Michigan
745,Andrew Burke,fmadden@example.com,31,6984 Hernandez Harbor,Arizona
746,Justin Welch,kentchristine@example.net,36,12747 Harmon Well Apt. 724,Maryland
747,Micheal Johnson,teresadaniels@example.com,38,362 Wilcox Corner,Massachusetts
748,Brent Grant,stephanie42@example.org,32,0936 Jackson Manor,Michigan
749,David Williams,adiaz@example.net,40,705 Walker Roads Apt. 813,Arizona
750,David Torres,ojones@example.net,40,16541 Davis Inlet,Louisiana
751,Julie Allen,beckerjennifer@example.net,26,371 Dean Camp Apt. 457,Massachusetts
752,Christine Thomas,heather88@example.net,44,616 Peter Burg Suite 307,Louisiana
753,Jeffrey Barrett,sotosarah@example.com,31,50206 Jennifer Trail,Indiana
754,Regina Alvarez,suzanne69@example.net,39,3503 Chavez Tunnel,Arizona
755,Sierra Blackburn,smithjoshua@example.net,42,50006 Johnston Drives Suite 955,Kansas
756,Juan Li,jessicabowen@example.net,39,06815 Laura Roads Apt. 701,Maine
757,Carolyn Ward,rhamilton@example.org,29,98959 Chapman Brook,Kentucky
758,Mrs. Elizabeth Hunt MD,christine35@example.com,38,258 Kathryn Lock,Maryland
759,Karen Kirby,tim47@example.com,31,9103 Thomas Island Apt. 900,Michigan
760,Kelly Beasley,psmith@example.net,35,843 Nicole Meadow,Kentucky
761,Toni Woods,mitchellheidi@example.org,32,97677 Gardner Loop,Arizona
762,Mr. Steven Stephenson,kempjeffery@example.net,38,94329 Robert Points Apt. 539,Maine
763,Ronald Barker,tvaughan@example.org,25,1011 Adam Crossing,Maine
764,Frank Waller,ladkins@example.net,42,32166 Joel Unions Apt. 849,Maine
765,Michelle Wright,robin64@example.net,25,63549 Malone Lodge,Arizona
766,Brian Miller,bondandrew@example.net,28,7083 Holly Orchard Suite 457,Kentucky
767,Erika Rodriguez,wschroeder@example.org,42,84855 Carroll Mall,Louisiana
768,Benjamin Good DVM,hernandezronald@example.net,42,74406 Robinson Camp,Maryland
769,Lisa Jones,hojohn@example.org,45,534 Jesse Valleys Suite 915,Kentucky
770,Trevor Martin,stefanie57@example.com,32,73087 Davis Island Suite 189,Maine
771,Sara Thomas,brianna34@example.net,28,2458 Patel Trafficway Apt. 962,Maryland
772,Kelly Long,james99@example.org,41,7164 Michael Lodge,Massachusetts
773,Brent Hess,rsimmons@example.net,30,084 Lee Stream,Massachusetts
774,Matthew Johnson,ambergreen@example.net,27,647 Johnson Wall Apt. 445,Arizona
775,Harry Hall,kcole@example.org,35,182 Derrick Ridge Suite 338,Louisiana
776,Richard Carroll,jacksoncharles@example.org,29,6710 Carpenter Village,Iowa
777,Darryl Gonzales,walterjoshua@example.com,26,5500 Mikayla Avenue,Missouri
778,Patrick Fernandez,fmartin@example.com,40,577 Snyder Rest Apt. 196,Louisiana
779,Robin Haas,nhernandez@example.com,29,43395 Kristin Circles Apt. 687,Maryland
780,Stephanie Henry,sblevins@example.org,42,0499 Debbie Spurs Apt. 199,Mississippi
781,Tara Gray,opaul@example.net,28,899 Fisher Road Apt. 179,Massachusetts
782,Christina Nash,ronald79@example.net,34,476 Martinez Ramp Apt. 721,Illinois
783,Diane Clark,bpeterson@example.net,41,750 Randall Passage Apt. 568,Louisiana
784,Scott Owens,ryanhenson@example.com,42,0643 Horne Terrace Apt. 758,Massachusetts
785,Deanna Smith,michaellane@example.com,32,37014 Wilson Glen,Minnesota
786,Martin Harrison,james13@example.com,35,311 Charles Terrace,Iowa
787,Lisa Stewart,bakerrose@example.net,37,04308 Fox Drive Suite 082,Arizona
788,Brittany Davidson,wreeves@example.org,41,331 Kelly Pines,Arizona
789,Manuel Davis,francorussell@example.com,31,70136 Velasquez Way Suite 475,Arizona
790,Christine Wilson,brittany96@example.net,33,910 Mercedes Ridge,Maryland
791,Sarah Morgan,ellisonmichael@example.org,42,781 Christopher Road Apt. 029,Missouri
792,Miranda Lee,xallen@example.net,37,17600 Tanner Viaduct,Missouri
793,Linda Anderson,robinduncan@example.com,37,00861 Schmidt Trail Suite 251,Kansas
794,Samantha Harper,tyler50@example.com,26,872 Anna Courts Suite 616,Kentucky
795,Jordan Day,jesseyoung@example.org,40,913 Baker Turnpike,Kansas
796,Dwayne Blanchard,hugheschelsea@example.com,38,500 Bowman Club,Minnesota
797,Ernest Valdez,landryrichard@example.com,31,8119 Mayer Manors,Maryland
798,Adrian Williams,natasha26@example.com,30,7500 Castaneda Estate Suite 158,Kentucky
799,Tara Nunez,fosterwendy@example.org,41,93438 Mitchell Overpass Apt. 964,Kentucky
800,Eric Payne,bennettjavier@example.org,26,084 Andrew Camp Suite 230,Louisiana
801,Anthony Clark,victorpierce@example.org,35,97384 Rose Springs,Maine
802,Anna Roberts,harringtonthomas@example.net,41,0407 Rachel Park Suite 202,Mississippi
803,Mark Hickman,ttaylor@example.com,42,117 Brown Valleys Suite 424,Indiana
804,Frank Burton,jonesjimmy@example.org,43,9345 Tyler Stream Apt. 304,Missouri
805,Hannah Burns,virginialopez@example.net,34,96544 Tim Ports Apt. 090,Indiana
806,Charles Bush,fortega@example.com,31,20306 Danielle Groves,Indiana
807,John Butler,uallen@example.com,33,572 Brianna Plains,Kentucky
808,Paul Gordon,rscott@example.net,34,587 English Branch,Maryland
809,Brian Smith,dianathompson@example.org,28,217 Wright Turnpike Apt. 371,Iowa
810,Brooke Baker,nelsonaustin@example.net,43,297 Ponce Fall Apt. 583,Iowa
811,Renee Sparks,cervantestimothy@example.com,27,1711 Theodore Garden Apt. 344,Iowa
812,Marissa Hall,jamesward@example.net,36,1468 Barry Shoal,Indiana
813,Cynthia Smith,thomasryan@example.net,26,516 Christie Isle Suite 252,Louisiana
814,William Hopkins,lindamccarty@example.net,31,2805 James Orchard,Maine
815,Scott Garcia,kaneangela@example.org,30,785 Danielle Street Suite 292,Minnesota
816,Anthony Knight,hayespatrick@example.net,44,8777 Cardenas Ville Apt. 299,Maine
817,Mason Rogers,lanehannah@example.com,25,33788 Gary Causeway,Maine
818,Nicole Lee,amanda71@example.net,38,996 Suzanne Centers Apt. 761,Illinois
819,Cynthia Maddox,murraytina@example.org,30,78995 Estes Circle,Mississippi
820,Dylan Collins,briandowns@example.com,37,7456 Cruz Place Suite 513,Kentucky
821,Martin Boone,erin61@example.com,41,448 Fuller Burgs Suite 340,Massachusetts
822,Rachel Wilson,bbrown@example.com,30,0992 Jennifer Neck,Massachusetts
823,Matthew Acosta,jbrock@example.com,33,54516 Miller Underpass,Indiana
824,Tony Chan,petersonrodney@example.com,33,66172 Taylor Cape Suite 307,Kentucky
825,Francisco Martinez,chadmayer@example.net,42,422 Jeanette Park,Maryland
826,Denise Sullivan,emilymason@example.net,43,5270 Adams Path Suite 335,Michigan
827,Cameron Dunn,brentwiley@example.org,39,8887 Mckee Glen,Indiana
828,James Ford,hartmantravis@example.com,35,51676 George Estate Suite 913,Indiana
829,Sabrina Fox,ppeterson@example.com,34,828 Douglas Corner Suite 288,Mississippi
830,Kristin Gordon,lozanodarlene@example.org,41,39720 Herrera Divide,Kansas
831,Abigail Zuniga,fgarza@example.net,27,466 Hicks Grove Apt. 167,Arizona
832,Andrea Benjamin,pjackson@example.net,30,193 Jodi Bridge,Indiana
833,Joseph Gomez,trevinoandrea@example.net,37,755 Zuniga Light Suite 074,Indiana
834,Alexander Torres,jonathon44@example.net,25,1748 Ryan Fall,Kansas
835,Tiffany Johnson,daniellarson@example.com,25,56783 Conrad Corners Suite 726,Louisiana
836,Julie Anderson,robertroberts@example.org,26,14174 William Freeway,Louisiana
837,Jesse Hernandez,jadejackson@example.net,34,751 Middleton Walk Apt. 896,Maine
838,Erica Blair,pevans@example.net,45,497 Freeman Mews Apt. 621,Indiana
839,Holly Ford,timothyfitzgerald@example.org,38,27391 Amy Divide,Michigan
840,Devin Johnson,courtneycollier@example.net,44,575 Reynolds Crescent,Michigan
841,Matthew Baker,sdavis@example.net,43,945 Green Lodge,Maine
842,Francisco Moss,villegasbrenda@example.com,36,40130 Karen Gardens,Arizona
843,Jason Payne,xanderson@example.com,34,956 Paul Ramp Apt. 347,Missouri
844,Maria Good,jennifer46@example.net,45,73327 Hunt Flat,Illinois
845,Karen Conrad,ecollins@example.org,38,54188 Christina Trace Suite 115,Kansas
846,Mark Potter,fhoffman@example.com,40,410 Connie Gardens Suite 496,Kentucky
847,Craig Hill,daniel41@example.org,39,14996 Phillips Forest,Maryland
848,Rachel Martin,willie90@example.net,44,2235 Joseph Hollow Apt. 353,Kansas
849,Peter Miller DVM,davidchristian@example.org,43,859 Dunn Mountain Suite 111,Massachusetts
850,Michael Mills,stephanie39@example.net,34,82237 Brent Parkways,Missouri
851,David Perry,hillsamantha@example.org,45,27161 Christopher Landing Apt. 922,Massachusetts
852,Jennifer Nicholson,warnerstacy@example.org,31,52321 Jessica Fork Apt. 189,Indiana
853,Joshua Johnson,daniel32@example.net,31,7242 Manuel Valleys,Illinois
854,Deanna Brown,jeffrey12@example.com,30,996 Morales Ramp,Mississippi
855,Joy Jennings,esmith@example.org,25,606 Campbell Groves,Indiana
856,Elizabeth Torres,benjaminhernandez@example.org,38,5429 Williams Tunnel,Mississippi
857,Jesus Lara,lauramartinez@example.org,37,106 Patterson Summit,Illinois
858,Courtney Zimmerman,jamesgregory@example.org,25,05570 Reid Row,Maine
859,Thomas Ward,lawrencemarilyn@example.net,44,7032 Fisher Plains,Illinois
860,Shaun Ramsey,baileysergio@example.net,39,97938 Wendy Roads Suite 829,Mississippi
861,Richard Perkins,aimeehamilton@example.net,30,892 Nguyen Gardens Apt. 944,Maine
862,Joshua Kemp,sharpcandice@example.com,26,67788 Charles Meadow,Kentucky
863,Dr. Claudia Cochran,johnshepard@example.org,42,319 Roberts Turnpike,Missouri
864,Jennifer Williams,kimberlyjordan@example.com,41,01259 Banks Pass Apt. 562,Kentucky
865,Sarah Estrada,huffmanandrew@example.com,27,22890 Kelley Run,Illinois
866,Laura Jones,cheyenne21@example.com,32,48211 Diamond Mill,Maryland
867,Stephen Martinez,rick21@example.net,29,0340 Gina Turnpike Apt. 137,Maine
868,Jill Miller,caitlyn90@example.net,39,291 Debbie Trace,Mississippi
869,Sean Chavez,josephcarroll@example.org,28,7406 Samantha Junctions Apt. 783,Mississippi
870,Brenda Woods,julia37@example.org,35,67879 Tony Courts,Maine
871,Susan Carroll,lauraburton@example.net,44,128 Sue Mills,Kentucky
872,Angela Martinez,mossjoseph@example.com,34,579 Davies Plains Suite 150,Illinois
873,Sharon Hughes,kaylarowland@example.org,41,263 Christine Stream Apt. 460,Maine
874,Sierra Guzman,heather82@example.org,36,74429 Cummings Highway,Kentucky
875,Billy Hodges,uscott@example.com,36,272 Vanessa Via Suite 701,Arizona
876,Juan Gutierrez,leescott@example.org,35,7620 Deborah Drive Suite 272,Arizona
877,Travis Simmons,nathan65@example.org,28,645 Burton Run,Michigan
878,Angela Holmes,gfleming@example.com,31,1536 Tammy Inlet,Illinois
879,Sean Oconnor,wilsonleah@example.org,40,0468 Miller Fields,Massachusetts
880,Judith White,reyesanita@example.com,30,56095 Patrick Valley Suite 484,Iowa
881,Bonnie Lin,christian98@example.net,29,420 Koch Road Apt. 291,Maine
882,John Bailey,cohenchristopher@example.net,30,2519 Pratt Ville Suite 851,Massachusetts
883,Joshua Weber,carrilloaaron@example.net,30,422 Mendoza Lock,Louisiana
884,Elizabeth Russell,anthonydean@example.com,43,955 Jonathon Junction,Louisiana
885,Dylan Beck,pbolton@example.org,35,1566 Karen Isle,Missouri
886,Jessica Weaver,williamssheila@example.net,36,3976 Courtney Circles,Kentucky
887,Crystal Coleman,lesharon@example.net,35,6548 Hall Station,Kansas
888,Todd Austin,briannacameron@example.net,39,96365 Rebecca Curve Apt. 676,Missouri
889,Christopher Henderson,matthewwilliams@example.com,33,846 Andrea Cape Suite 916,Missouri
890,Allison Hoffman,michele21@example.org,29,33871 Malone Trace Apt. 238,Illinois
891,Sherri Horne,ypark@example.org,40,8382 Timothy Mill Suite 651,Louisiana
892,Matthew Harding,teresa81@example.org,27,425 Aaron Rest Suite 193,Illinois
893,Jennifer Turner,diazandrew@example.net,25,77487 Garrett Isle Suite 975,Indiana
894,Julian Tucker,jenniferfrazier@example.com,38,513 Banks Forest,Missouri
895,John Garrett,taylorarthur@example.org,26,2906 Lisa Valley,Iowa
896,Michelle Mills,laurenramirez@example.org,40,4454 Arthur Plain,Iowa
897,Alison Weaver,ryanmccoy@example.net,31,92660 Rodriguez Isle,Indiana
898,George Ramos,amyjoseph@example.com,31,3815 Lyons Well Apt. 174,Indiana
899,William Gordon,parkbrittany@example.net,45,45174 Jesse Courts Suite 882,Missouri
900,Kimberly Vargas,eoconnell@example.net,26,170 Sophia Summit,Minnesota
901,Veronica Cannon,cmoore@example.com,27,3370 Mikayla Garden Suite 598,Missouri
902,Richard Stewart,sarah34@example.com,37,1394 Brian Keys Suite 517,Illinois
903,Chelsea Spencer,rowekeith@example.org,27,0793 Raymond Unions Apt. 127,Louisiana
904,Mrs. Teresa Nelson MD,tylerdiana@example.org,37,7984 Smith Cliff,Indiana
905,Mr. Eric Petersen,mccoyrebecca@example.net,25,40806 Mary Viaduct Suite 937,Maine
906,Todd Freeman,catherine16@example.org,36,34462 Michael Spurs Apt. 028,Michigan
907,James Mercado Jr.,flarson@example.org,26,86613 Alex Vista,Kansas
908,Adrian Scott,kenneth89@example.net,34,429 Williams Courts,Indiana
909,Jacqueline Hendricks,kelseymays@example.net,37,4691 Kevin Ferry,Iowa
910,Joshua Solis,alexanderalec@example.org,42,838 Kidd Well Apt. 844,Mississippi
911,Marcus Brown,maxwelltimothy@example.com,26,250 Harris Lakes,Maine
912,Austin Mendoza,qbailey@example.net,35,40260 Davis Junction,Massachusetts
913,David Harris,cranejennifer@example.com,25,82429 Little Walk,Illinois
914,Jamie Carroll,moorejennifer@example.net,27,524 Mckee Terrace Suite 622,Arizona
915,Martin Zamora,sanderscolleen@example.org,34,03962 Jessica Fords Apt. 085,Maine
916,Donald Mcdaniel,ubeard@example.com,30,6924 Kenneth Coves Apt. 264,Kansas
917,Cameron Garrett,brendawheeler@example.com,32,66535 Clark Hill,Michigan
918,Catherine Long,hunteramy@example.net,27,8170 Powers Summit Apt. 299,Louisiana
919,Michelle Stokes,leahjohnson@example.org,41,4889 Payne Stravenue,Kansas
920,Bruce Blair,michaelfoster@example.net,30,272 Manning Rapid,Mississippi
921,Alice Brown,caleb49@example.org,40,803 Jones Summit Apt. 458,Maine
922,Richard Jackson,xgill@example.org,41,096 Theresa Mall,Iowa
923,Roberta Ford,ronald58@example.net,44,394 Frederick Island Suite 966,Michigan
924,Robert Anderson,jasonrobinson@example.org,26,0378 Kelly Spur Suite 544,Mississippi
925,Michael Jenkins DDS,dgilbert@example.org,29,420 Williams Mission,Kentucky
926,Tanya Mcconnell,kathyholmes@example.org,26,4286 Anthony Dale,Illinois
927,Brandy Miller,wrightdavid@example.net,42,42295 Morrow Track,Maine
928,Andres Stewart,lauren07@example.org,27,5005 Diamond Islands,Missouri
929,Chad Garcia DDS,porteramanda@example.org,27,70882 Christine Expressway,Kansas
930,Kristen Jimenez,whunt@example.com,38,010 Henderson Ports Suite 311,Louisiana
931,Harold Johnson,brownchristopher@example.com,33,810 Johnson Park,Missouri
932,Amanda Smith,fjohnson@example.org,28,491 Neal Vista Suite 130,Michigan
933,Lauren Hampton,lucaseric@example.net,44,91183 April Stravenue,Minnesota
934,Sarah Harper,hannahmcintosh@example.org,33,15317 Potter Rapid Apt. 849,Iowa
935,Ronald Valdez,wlittle@example.com,26,347 Paul Burgs,Mississippi
936,Stephanie Lee,kellymelissa@example.net,38,84395 Makayla Ferry Apt. 892,Mississippi
937,Brandy Bradshaw,rjones@example.org,45,679 Andrea Green Apt. 126,Iowa
938,Darrell Daniels,saundersisabel@example.com,42,15204 Shelley Bridge,Arizona
939,Robert Martin,christinaguzman@example.org,26,838 Mccarthy Mall Apt. 117,Illinois
940,Robin Villegas,lparker@example.com,40,49211 Cheryl Mews Apt. 836,Mississippi
941,Jesus Taylor,kevinnavarro@example.org,34,5848 Noah Junctions Suite 805,Louisiana
942,Wanda Simpson,abigail53@example.org,36,5308 Berg Plaza Apt. 766,Missouri
943,Sara West,martinchristopher@example.com,33,8511 Norman Drive Apt. 101,Missouri
944,Nicholas Black,caleb31@example.org,37,10903 Christina Harbors,Kentucky
945,Kayla Powell,yschaefer@example.org,32,9005 Tammy Locks,Massachusetts
946,Adam Hicks,nicolebrooks@example.org,37,00927 Lindsey Squares,Louisiana
947,Lindsey King,michaelsmith@example.com,41,7017 Williams Run Suite 233,Minnesota
948,Ronald Cortez,elizabeth43@example.com,45,5772 Foster Harbors,Minnesota
949,Tracy Wagner,colemanandrew@example.org,37,913 Katie Expressway Suite 072,Michigan
950,Vanessa Dawson,fpadilla@example.org,43,188 Kayla Road Apt. 613,Iowa
951,Kimberly Morris,deckerjason@example.org,37,4510 Figueroa Knoll,Kentucky
952,Leslie Carson,catherine79@example.com,32,52123 Duarte Bridge Suite 142,Michigan
953,Michelle Brock,abuchanan@example.com,40,099 Thomas Road,Minnesota
954,Benjamin Rogers,brian42@example.org,40,6094 Russell Square,Arizona
955,Robert Thompson,patrick38@example.net,43,8107 Davis Summit Suite 476,Illinois
956,Molly Patel,penningtonjessica@example.org,25,365 Adams Port Apt. 050,Mississippi
957,Jessica Martin,jsantana@example.org,38,744 Danielle Knolls Apt. 396,Minnesota
958,Cheryl Price,daniellelynch@example.net,31,249 Robin Fords,Louisiana
959,Sean Austin,nicholascruz@example.com,32,569 Cody Hollow Suite 378,Kansas
960,Lucas Fowler,halljonathon@example.net,39,33524 Frazier Unions,Massachusetts
961,Sandra Mendoza,allisondixon@example.net,34,3402 Sandra Keys Apt. 665,Maryland
962,Christopher Salinas PhD,hillsara@example.com,35,82546 Lee River Apt. 868,Mississippi
963,Keith Lamb,katiecox@example.net,42,16260 Boyer Harbor,Indiana
964,Jorge Thomas,barnesjoel@example.org,35,8036 Jared Cove,Illinois
965,Raymond Palmer,michaelvincent@example.net,39,47756 Brown Pass,Mississippi
966,Alyssa Schmidt,richardscarl@example.net,39,0509 Aimee Falls,Missouri
967,Cynthia Oliver,mharris@example.org,45,2524 Thompson Inlet,Massachusetts
968,Jose Marsh,tranann@example.com,45,0138 Thomas Key,Missouri
969,David Ingram,asmith@example.org,38,1888 Young Burg Apt. 539,Louisiana
970,Kimberly Warren,nicole76@example.com,30,74806 Sarah Turnpike Apt. 987,Kansas
971,Michael Carter,marywilson@example.org,27,446 Christopher Mission,Minnesota
972,Andrew Chang,lisa79@example.org,33,7450 James Extension,Iowa
973,Brandi Green PhD,jennifer18@example.com,38,2378 Davis Motorway,Iowa
974,Samantha Mcdaniel,bishopmargaret@example.net,43,76982 Black Glens Apt. 594,Minnesota
975,Julie Hooper,kschaefer@example.org,43,011 Jackson Junctions,Mississippi
976,Mary Williams,rosariomonica@example.com,36,928 Simpson Club,Maryland
977,Steven Sanchez,jasongillespie@example.org,25,25475 Susan Avenue Apt. 446,Kentucky
978,Tricia Bailey,johnsonrobert@example.net,29,401 Davis Manor,Illinois
979,Ashley Carter,crawfordjasmine@example.org,45,41491 Devon Alley Suite 899,Louisiana
980,Jared Crawford,williamslaura@example.net,37,573 Russell Ville Suite 743,Mississippi
981,Stephen Carpenter,zwhite@example.org,41,245 Melendez Court,Arizona
982,Kristin Williams,simpsonrichard@example.org,40,23777 Lee Groves,Arizona
983,John Brown,davisgreg@example.com,31,02731 Smith Points,Michigan
984,Christine Parker,ashleynelson@example.com,29,96431 Jacob Tunnel Suite 931,Kentucky
985,Andrew Day,millsfrank@example.com,33,4389 Sara Underpass Apt. 284,Indiana
986,Ernest Holt,nruiz@example.net,45,10004 Edwards Trail,Massachusetts
987,Lacey Garrison,christopher45@example.org,29,225 Robert Rapid,Kentucky
988,Ryan Stokes,stevenanderson@example.net,33,1132 Tammy Isle,Minnesota
989,Sarah Walker,kingandrea@example.net,27,14778 Simmons Fork Suite 481,Arizona
990,Rachel Miller,scott50@example.org,41,8001 Phillips Street Suite 583,Mississippi
991,Michael Keith,billy96@example.com,30,462 Hensley Garden,Indiana
992,Glenda Manning,pevans@example.org,39,2940 Gonzalez Unions Suite 936,Mississippi
993,Maureen Gould,jordansamantha@example.com,36,615 Becker Run Suite 139,Michigan
994,Charles Torres,lwilliamson@example.net,34,1365 Brian Circles Apt. 478,Maine
995,Heather Brown,jenkinsbobby@example.net,35,292 Lisa Isle Suite 177,Illinois
996,Ivan Stevens,palmerdanny@example.com,39,5191 Griffin Vista,Kansas
997,Diana Davis,steeleanthony@example.org,28,83684 Smith Extension Suite 512,Minnesota
998,Christopher James,jamie54@example.com,26,936 Joseph Ferry,Illinois
999,Eugene Page,joseph50@example.net,41,6085 Wallace Ford,Minnesota
